image,label,writer_id,char_type
[0 0 0 ... 0 0 0],W,0000,c
[0 0 0 ... 0 0 0],e,0000,c
[0 0 0 ... 0 0 0],t,0000,c
[0 0 0 ... 0 0 0],h,0000,c
[0 0 0 ... 0 0 0],e,0000,c
[0 0 0 ... 0 0 0],P,0000,c
[0 0 0 ... 0 0 0],e,0000,c
[0 0 0 ... 0 0 0],O,0000,c
[0 0 0 ... 0 0 0],P,0000,c
[0 0 0 ... 0 0 0],l,0000,c
[0 0 0 ... 0 0 0],e,0000,c
[0 0 0 ... 0 0 0],O,0000,c
[0 0 0 ... 0 0 0],F,0000,c
[0 0 0 ... 0 0 0],t,0000,c
[0 0 0 ... 0 0 0],h,0000,c
[0 0 0 ... 0 0 0],e,0000,c
[0 0 0 ... 0 0 0],U,0000,c
[0 0 0 ... 0 0 0],N,0000,c
[0 0 0 ... 0 0 0],l,0000,c
[0 0 0 ... 0 0 0],t,0000,c
[0 0 0 ... 0 0 0],e,0000,c
[0 0 0 ... 0 0 0],d,0000,c
[0 0 0 ... 0 0 0],S,0000,c
[0 0 0 ... 0 0 0],t,0000,c
[0 0 0 ... 0 0 0],A,0000,c
[0 0 0 ... 0 0 0],t,0000,c
[0 0 0 ... 0 0 0],e,0000,c
[0 0 0 ... 0 0 0],S,0000,c
[0 0 0 ... 0 0 0],l,0000,c
[0 0 0 ... 0 0 0],l,0000,c
[0 0 0 ... 0 0 0],n,0000,c
[0 0 0 ... 0 0 0],O,0000,c
[0 0 0 ... 0 0 0],O,0000,c
[0 0 0 ... 0 0 0],R,0000,c
[0 0 0 ... 0 0 0],M,0000,c
[0 0 0 ... 0 0 0],M,0000,c
[0 0 0 ... 0 0 0],O,0000,c
[0 0 0 ... 0 0 0],r,0000,c
[0 0 0 ... 0 0 0],e,0000,c
[0 0 0 ... 0 0 0],l,0000,c
[0 0 0 ... 0 0 0],P,0000,c
[0 0 0 ... 0 0 0],e,0000,c
[0 0 0 ... 0 0 0],e,0000,c
[0 0 0 ... 0 0 0],C,0000,c
[0 0 0 ... 0 0 0],t,0000,c
[0 0 0 ... 0 0 0],U,0000,c
[0 0 0 ... 0 0 0],N,0000,c
[0 0 0 ... 0 0 0],O,0000,c
[0 0 0 ... 0 0 0],N,0000,c
[0 0 0 ... 0 0 0],I,0000,c
[0 0 0 ... 0 0 0],C,0000,c
[0 0 0 ... 0 0 0],S,0000,c
[0 0 0 ... 0 0 0],t,0000,c
[0 0 0 ... 0 0 0],a,0000,c
[0 0 0 ... 0 0 0],b,0000,c
[0 0 0 ... 0 0 0],L,0000,c
[0 0 0 ... 0 0 0],I,0000,c
[0 0 0 ... 0 0 0],S,0000,c
[0 0 0 ... 0 0 0],h,0000,c
[0 0 0 ... 0 0 0],J,0000,c
[0 0 0 ... 0 0 0],U,0000,c
[0 0 0 ... 0 0 0],S,0000,c
[0 0 0 ... 0 0 0],T,0000,c
[0 0 0 ... 0 0 0],l,0000,c
[0 0 0 ... 0 0 0],C,0000,c
[0 0 0 ... 0 0 0],e,0000,c
[0 0 0 ... 0 0 0],l,0000,c
[0 0 0 ... 0 0 0],l,0000,c
[0 0 0 ... 0 0 0],n,0000,c
[0 0 0 ... 0 0 0],S,0000,c
[0 0 0 ... 0 0 0],U,0000,c
[0 0 0 ... 0 0 0],r,0000,c
[0 0 0 ... 0 0 0],e,0000,c
[0 0 0 ... 0 0 0],d,0000,c
[0 0 0 ... 0 0 0],O,0000,c
[0 0 0 ... 0 0 0],M,0000,c
[0 0 0 ... 0 0 0],e,0000,c
[0 0 0 ... 0 0 0],S,0000,c
[0 0 0 ... 0 0 0],t,0000,c
[0 0 0 ... 0 0 0],I,0000,c
[0 0 0 ... 0 0 0],C,0000,c
[0 0 0 ... 0 0 0],t,0000,c
[0 0 0 ... 0 0 0],r,0000,c
[0 0 0 ... 0 0 0],A,0000,c
[0 0 0 ... 0 0 0],N,0000,c
[0 0 0 ... 0 0 0],q,0000,c
[0 0 0 ... 0 0 0],U,0000,c
[0 0 0 ... 0 0 0],l,0000,c
[0 0 0 ... 0 0 0],I,0000,c
[0 0 0 ... 0 0 0],t,0000,c
[0 0 0 ... 0 0 0],P,0000,c
[0 0 0 ... 0 0 0],r,0000,c
[0 0 0 ... 0 0 0],O,0000,c
[0 0 0 ... 0 0 0],V,0000,c
[0 0 0 ... 0 0 0],l,0000,c
[0 0 0 ... 0 0 0],F,0000,c
[0 0 0 ... 0 0 0],O,0000,c
[0 0 0 ... 0 0 0],R,0000,c
[0 0 0 ... 0 0 0],t,0000,c
[0 0 0 ... 0 0 0],h,0000,c
[0 0 0 ... 0 0 0],e,0000,c
[0 0 0 ... 0 0 0],C,0000,c
[0 0 0 ... 0 0 0],O,0000,c
[0 0 0 ... 0 0 0],M,0000,c
[0 0 0 ... 0 0 0],M,0000,c
[0 0 0 ... 0 0 0],O,0000,c
[0 0 0 ... 0 0 0],N,0000,c
[0 0 0 ... 0 0 0],D,0000,c
[0 0 0 ... 0 0 0],e,0000,c
[0 0 0 ... 0 0 0],t,0000,c
[0 0 0 ... 0 0 0],e,0000,c
[0 0 0 ... 0 0 0],e,0000,c
[0 0 0 ... 0 0 0],l,0000,c
[0 0 0 ... 0 0 0],P,0000,c
[0 0 0 ... 0 0 0],R,0000,c
[0 0 0 ... 0 0 0],O,0000,c
[0 0 0 ... 0 0 0],M,0000,c
[0 0 0 ... 0 0 0],C,0000,c
[0 0 0 ... 0 0 0],t,0000,c
[0 0 0 ... 0 0 0],h,0000,c
[0 0 0 ... 0 0 0],e,0000,c
[0 0 0 ... 0 0 0],Y,0000,c
[0 0 0 ... 0 0 0],g,0000,c
[0 0 0 ... 0 0 0],e,0000,c
[0 0 0 ... 0 0 0],n,0000,c
[0 0 0 ... 0 0 0],e,0000,c
[0 0 0 ... 0 0 0],r,0000,c
[0 0 0 ... 0 0 0],A,0000,c
[0 0 0 ... 0 0 0],l,0000,c
[0 0 0 ... 0 0 0],W,0000,c
[0 0 0 ... 0 0 0],e,0000,c
[0 0 0 ... 0 0 0],l,0000,c
[0 0 0 ... 0 0 0],F,0000,c
[0 0 0 ... 0 0 0],e,0000,c
[0 0 0 ... 0 0 0],a,0000,c
[0 0 0 ... 0 0 0],n,0000,c
[0 0 0 ... 0 0 0],d,0000,c
[0 0 0 ... 0 0 0],S,0000,c
[0 0 0 ... 0 0 0],e,0000,c
[0 0 0 ... 0 0 0],r,0000,c
[0 0 0 ... 0 0 0],e,0000,c
[0 0 0 ... 0 0 0],t,0000,c
[0 0 0 ... 0 0 0],h,0000,c
[0 0 0 ... 0 0 0],C,0000,c
[0 0 0 ... 0 0 0],B,0000,c
[0 0 0 ... 0 0 0],S,0000,c
[0 0 0 ... 0 0 0],S,0000,c
[0 0 0 ... 0 0 0],I,0000,c
[0 0 0 ... 0 0 0],d,0000,c
[0 0 0 ... 0 0 0],S,0000,c
[0 0 0 ... 0 0 0],O,0000,c
[0 0 0 ... 0 0 0],A,0000,c
[0 0 0 ... 0 0 0],L,0000,c
[0 0 0 ... 0 0 0],l,0000,c
[0 0 0 ... 0 0 0],b,0000,c
[0 0 0 ... 0 0 0],e,0000,c
[0 0 0 ... 0 0 0],r,0000,c
[0 0 0 ... 0 0 0],t,0000,c
[0 0 0 ... 0 0 0],t,0000,c
[0 0 0 ... 0 0 0],O,0000,c
[0 0 0 ... 0 0 0],O,0000,c
[0 0 0 ... 0 0 0],U,0000,c
[0 0 0 ... 0 0 0],R,0000,c
[0 0 0 ... 0 0 0],S,0000,c
[0 0 0 ... 0 0 0],e,0000,c
[0 0 0 ... 0 0 0],l,0000,c
[0 0 0 ... 0 0 0],V,0000,c
[0 0 0 ... 0 0 0],d,0000,c
[0 0 0 ... 0 0 0],O,0000,c
[0 0 0 ... 0 0 0],U,0000,c
[0 0 0 ... 0 0 0],R,0000,c
[0 0 0 ... 0 0 0],P,0000,c
[0 0 0 ... 0 0 0],O,0000,c
[0 0 0 ... 0 0 0],S,0000,c
[0 0 0 ... 0 0 0],t,0000,c
[0 0 0 ... 0 0 0],e,0000,c
[0 0 0 ... 0 0 0],R,0000,c
[0 0 0 ... 0 0 0],l,0000,c
[0 0 0 ... 0 0 0],Y,0000,c
[0 0 0 ... 0 0 0],T,0000,c
[0 0 0 ... 0 0 0],l,0000,c
[0 0 0 ... 0 0 0],d,0000,c
[0 0 0 ... 0 0 0],O,0000,c
[0 0 0 ... 0 0 0],O,0000,c
[0 0 0 ... 0 0 0],R,0000,c
[0 0 0 ... 0 0 0],d,0000,c
[0 0 0 ... 0 0 0],A,0000,c
[0 0 0 ... 0 0 0],I,0000,c
[0 0 0 ... 0 0 0],n,0000,c
[0 0 0 ... 0 0 0],d,0000,c
[0 0 0 ... 0 0 0],e,0000,c
[0 0 0 ... 0 0 0],S,0000,c
[0 0 0 ... 0 0 0],t,0000,c
[0 0 0 ... 0 0 0],a,0000,c
[0 0 0 ... 0 0 0],b,0000,c
[0 0 0 ... 0 0 0],l,0000,c
[0 0 0 ... 0 0 0],I,0000,c
[0 0 0 ... 0 0 0],S,0000,c
[0 0 0 ... 0 0 0],t,0000,c
[0 0 0 ... 0 0 0],h,0000,c
[0 0 0 ... 0 0 0],S,0000,c
[0 0 0 ... 0 0 0],C,0000,c
[0 0 0 ... 0 0 0],O,0000,c
[0 0 0 ... 0 0 0],N,0000,c
[0 0 0 ... 0 0 0],S,0000,c
[0 0 0 ... 0 0 0],T,0000,c
[0 0 0 ... 0 0 0],l,0000,c
[0 0 0 ... 0 0 0],T,0000,c
[0 0 0 ... 0 0 0],U,0000,c
[0 0 0 ... 0 0 0],T,0000,c
[0 0 0 ... 0 0 0],l,0000,c
[0 0 0 ... 0 0 0],O,0000,c
[0 0 0 ... 0 0 0],N,0000,c
[0 0 0 ... 0 0 0],O,0000,c
[0 0 0 ... 0 0 0],R,0000,c
[0 0 0 ... 0 0 0],T,0000,c
[0 0 0 ... 0 0 0],h,0000,c
[0 0 0 ... 0 0 0],U,0000,c
[0 0 0 ... 0 0 0],N,0000,c
[0 0 0 ... 0 0 0],I,0000,c
[0 0 0 ... 0 0 0],t,0000,c
[0 0 0 ... 0 0 0],e,0000,c
[0 0 0 ... 0 0 0],d,0000,c
[0 0 0 ... 0 0 0],S,0000,c
[0 0 0 ... 0 0 0],t,0000,c
[0 0 0 ... 0 0 0],t,0000,c
[0 0 0 ... 0 0 0],e,0000,c
[0 0 0 ... 0 0 0],S,0000,c
[0 0 0 ... 0 0 0],O,0000,c
[0 0 0 ... 0 0 0],A,0000,c
[0 0 0 ... 0 0 0],A,0000,c
[0 0 0 ... 0 0 0],M,0000,c
[0 0 0 ... 0 0 0],I,0000,c
[0 0 0 ... 0 0 0],C,0000,c
[0 0 0 ... 0 0 0],A,0000,c
[0 0 0 ... 0 0 0],0,0000,d
[0 0 0 ... 0 0 0],1,0000,d
[0 0 0 ... 0 0 0],2,0000,d
[0 0 0 ... 0 0 0],3,0000,d
[0 0 0 ... 0 0 0],4,0000,d
[0 0 0 ... 0 0 0],5,0000,d
[0 0 0 ... 0 0 0],6,0000,d
[0 0 0 ... 0 0 0],7,0000,d
[0 0 0 ... 0 0 0],8,0000,d
[0 0 0 ... 0 0 0],9,0000,d
[0 0 0 ... 0 0 0],0,0000,d
[0 0 0 ... 0 0 0],1,0000,d
[0 0 0 ... 0 0 0],2,0000,d
[0 0 0 ... 0 0 0],3,0000,d
[0 0 0 ... 0 0 0],7,0000,d
[0 0 0 ... 0 0 0],8,0000,d
[0 0 0 ... 0 0 0],9,0000,d
[0 0 0 ... 0 0 0],5,0000,d
[0 0 0 ... 0 0 0],0,0000,d
[0 0 0 ... 0 0 0],6,0000,d
[0 0 0 ... 0 0 0],8,0000,d
[0 0 0 ... 0 0 0],9,0000,d
[0 0 0 ... 0 0 0],9,0000,d
[0 0 0 ... 0 0 0],5,0000,d
[0 0 0 ... 0 0 0],3,0000,d
[0 0 0 ... 0 0 0],0,0000,d
[0 0 0 ... 0 0 0],4,0000,d
[0 0 0 ... 0 0 0],8,0000,d
[0 0 0 ... 0 0 0],9,0000,d
[0 0 0 ... 0 0 0],1,0000,d
[0 0 0 ... 0 0 0],4,0000,d
[0 0 0 ... 0 0 0],0,0000,d
[0 0 0 ... 0 0 0],5,0000,d
[0 0 0 ... 0 0 0],1,0000,d
[0 0 0 ... 0 0 0],0,0000,d
[0 0 0 ... 0 0 0],7,0000,d
[0 0 0 ... 0 0 0],6,0000,d
[0 0 0 ... 0 0 0],0,0000,d
[0 0 0 ... 0 0 0],1,0000,d
[0 0 0 ... 0 0 0],7,0000,d
[0 0 0 ... 0 0 0],0,0000,d
[0 0 0 ... 0 0 0],6,0000,d
[0 0 0 ... 0 0 0],8,0000,d
[0 0 0 ... 0 0 0],9,0000,d
[0 0 0 ... 0 0 0],4,0000,d
[0 0 0 ... 0 0 0],7,0000,d
[0 0 0 ... 0 0 0],6,0000,d
[0 0 0 ... 0 0 0],0,0000,d
[0 0 0 ... 0 0 0],8,0000,d
[0 0 0 ... 0 0 0],1,0000,d
[0 0 0 ... 0 0 0],7,0000,d
[0 0 0 ... 0 0 0],7,0000,d
[0 0 0 ... 0 0 0],1,0000,d
[0 0 0 ... 0 0 0],3,0000,d
[0 0 0 ... 0 0 0],2,0000,d
[0 0 0 ... 0 0 0],3,0000,d
[0 0 0 ... 0 0 0],1,0000,d
[0 0 0 ... 0 0 0],4,0000,d
[0 0 0 ... 0 0 0],2,0000,d
[0 0 0 ... 0 0 0],0,0000,d
[0 0 0 ... 0 0 0],0,0000,d
[0 0 0 ... 0 0 0],7,0000,d
[0 0 0 ... 0 0 0],8,0000,d
[0 0 0 ... 0 0 0],4,0000,d
[0 0 0 ... 0 0 0],6,0000,d
[0 0 0 ... 0 0 0],4,0000,d
[0 0 0 ... 0 0 0],9,0000,d
[0 0 0 ... 0 0 0],3,0000,d
[0 0 0 ... 0 0 0],8,0000,d
[0 0 0 ... 0 0 0],4,0000,d
[0 0 0 ... 0 0 0],7,0000,d
[0 0 0 ... 0 0 0],2,0000,d
[0 0 0 ... 0 0 0],5,0000,d
[0 0 0 ... 0 0 0],6,0000,d
[0 0 0 ... 0 0 0],3,0000,d
[0 0 0 ... 0 0 0],6,0000,d
[0 0 0 ... 0 0 0],9,0000,d
[0 0 0 ... 0 0 0],6,0000,d
[0 0 0 ... 0 0 0],3,0000,d
[0 0 0 ... 0 0 0],2,0000,d
[0 0 0 ... 0 0 0],2,0000,d
[0 0 0 ... 0 0 0],4,0000,d
[0 0 0 ... 0 0 0],6,0000,d
[0 0 0 ... 0 0 0],9,0000,d
[0 0 0 ... 0 0 0],0,0000,d
[0 0 0 ... 0 0 0],2,0000,d
[0 0 0 ... 0 0 0],5,0000,d
[0 0 0 ... 0 0 0],5,0000,d
[0 0 0 ... 0 0 0],1,0000,d
[0 0 0 ... 0 0 0],3,0000,d
[0 0 0 ... 0 0 0],3,0000,d
[0 0 0 ... 0 0 0],9,0000,d
[0 0 0 ... 0 0 0],7,0000,d
[0 0 0 ... 0 0 0],2,0000,d
[0 0 0 ... 0 0 0],2,0000,d
[0 0 0 ... 0 0 0],5,0000,d
[0 0 0 ... 0 0 0],7,0000,d
[0 0 0 ... 0 0 0],9,0000,d
[0 0 0 ... 0 0 0],8,0000,d
[0 0 0 ... 0 0 0],2,0000,d
[0 0 0 ... 0 0 0],1,0000,d
[0 0 0 ... 0 0 0],3,0000,d
[0 0 0 ... 0 0 0],1,0000,d
[0 0 0 ... 0 0 0],3,0000,d
[0 0 0 ... 0 0 0],b,0000,l
[0 0 0 ... 0 0 0],s,0000,l
[0 0 0 ... 0 0 0],m,0000,l
[0 0 0 ... 0 0 0],f,0000,l
[0 0 0 ... 0 0 0],c,0000,l
[0 0 0 ... 0 0 0],w,0000,l
[0 0 0 ... 0 0 0],q,0000,l
[0 0 0 ... 0 0 0],i,0000,l
[0 0 0 ... 0 0 0],a,0000,l
[0 0 0 ... 0 0 0],k,0000,l
[0 0 0 ... 0 0 0],r,0000,l
[0 0 0 ... 0 0 0],e,0000,l
[0 0 0 ... 0 0 0],z,0000,l
[0 0 0 ... 0 0 0],p,0000,l
[0 0 0 ... 0 0 0],l,0000,l
[0 0 0 ... 0 0 0],n,0000,l
[0 0 0 ... 0 0 0],v,0000,l
[0 0 0 ... 0 0 0],x,0000,l
[0 0 0 ... 0 0 0],d,0000,l
[0 0 0 ... 0 0 0],y,0000,l
[0 0 0 ... 0 0 0],o,0000,l
[0 0 0 ... 0 0 0],h,0000,l
[0 0 0 ... 0 0 0],F,0000,u
[0 0 0 ... 0 0 0],M,0000,u
[0 0 0 ... 0 0 0],L,0000,u
[0 0 0 ... 0 0 0],A,0000,u
[0 0 0 ... 0 0 0],B,0000,u
[0 0 0 ... 0 0 0],G,0000,u
[0 0 0 ... 0 0 0],V,0000,u
[0 0 0 ... 0 0 0],I,0000,u
[0 0 0 ... 0 0 0],Y,0000,u
[0 0 0 ... 0 0 0],P,0000,u
[0 0 0 ... 0 0 0],U,0000,u
[0 0 0 ... 0 0 0],S,0000,u
[0 0 0 ... 0 0 0],C,0000,u
[0 0 0 ... 0 0 0],O,0000,u
[0 0 0 ... 0 0 0],J,0000,u
[0 0 0 ... 0 0 0],W,0000,u
[0 0 0 ... 0 0 0],N,0000,u
[0 0 0 ... 0 0 0],X,0000,u
[0 0 0 ... 0 0 0],T,0000,u
[0 0 0 ... 0 0 0],E,0000,u
[0 0 0 ... 0 0 0],Z,0000,u
[0 0 0 ... 0 0 0],l,0001,c
[0 0 0 ... 0 0 0],e,0001,c
[0 0 0 ... 0 0 0],t,0001,c
[0 0 0 ... 0 0 0],h,0001,c
[0 0 0 ... 0 0 0],e,0001,c
[0 0 0 ... 0 0 0],P,0001,c
[0 0 0 ... 0 0 0],e,0001,c
[0 0 0 ... 0 0 0],O,0001,c
[0 0 0 ... 0 0 0],P,0001,c
[0 0 0 ... 0 0 0],I,0001,c
[0 0 0 ... 0 0 0],e,0001,c
[0 0 0 ... 0 0 0],O,0001,c
[0 0 0 ... 0 0 0],F,0001,c
[0 0 0 ... 0 0 0],T,0001,c
[0 0 0 ... 0 0 0],h,0001,c
[0 0 0 ... 0 0 0],e,0001,c
[0 0 0 ... 0 0 0],U,0001,c
[0 0 0 ... 0 0 0],h,0001,c
[0 0 0 ... 0 0 0],I,0001,c
[0 0 0 ... 0 0 0],t,0001,c
[0 0 0 ... 0 0 0],e,0001,c
[0 0 0 ... 0 0 0],d,0001,c
[0 0 0 ... 0 0 0],S,0001,c
[0 0 0 ... 0 0 0],T,0001,c
[0 0 0 ... 0 0 0],a,0001,c
[0 0 0 ... 0 0 0],t,0001,c
[0 0 0 ... 0 0 0],e,0001,c
[0 0 0 ... 0 0 0],S,0001,c
[0 0 0 ... 0 0 0],l,0001,c
[0 0 0 ... 0 0 0],n,0001,c
[0 0 0 ... 0 0 0],O,0001,c
[0 0 0 ... 0 0 0],r,0001,c
[0 0 0 ... 0 0 0],d,0001,c
[0 0 0 ... 0 0 0],e,0001,c
[0 0 0 ... 0 0 0],r,0001,c
[0 0 0 ... 0 0 0],t,0001,c
[0 0 0 ... 0 0 0],O,0001,c
[0 0 0 ... 0 0 0],F,0001,c
[0 0 0 ... 0 0 0],O,0001,c
[0 0 0 ... 0 0 0],r,0001,c
[0 0 0 ... 0 0 0],M,0001,c
[0 0 0 ... 0 0 0],a,0001,c
[0 0 0 ... 0 0 0],M,0001,c
[0 0 0 ... 0 0 0],O,0001,c
[0 0 0 ... 0 0 0],r,0001,c
[0 0 0 ... 0 0 0],e,0001,c
[0 0 0 ... 0 0 0],P,0001,c
[0 0 0 ... 0 0 0],e,0001,c
[0 0 0 ... 0 0 0],r,0001,c
[0 0 0 ... 0 0 0],F,0001,c
[0 0 0 ... 0 0 0],C,0001,c
[0 0 0 ... 0 0 0],t,0001,c
[0 0 0 ... 0 0 0],U,0001,c
[0 0 0 ... 0 0 0],h,0001,c
[0 0 0 ... 0 0 0],O,0001,c
[0 0 0 ... 0 0 0],h,0001,c
[0 0 0 ... 0 0 0],t,0001,c
[0 0 0 ... 0 0 0],a,0001,c
[0 0 0 ... 0 0 0],b,0001,c
[0 0 0 ... 0 0 0],l,0001,c
[0 0 0 ... 0 0 0],I,0001,c
[0 0 0 ... 0 0 0],S,0001,c
[0 0 0 ... 0 0 0],h,0001,c
[0 0 0 ... 0 0 0],J,0001,c
[0 0 0 ... 0 0 0],U,0001,c
[0 0 0 ... 0 0 0],S,0001,c
[0 0 0 ... 0 0 0],t,0001,c
[0 0 0 ... 0 0 0],I,0001,c
[0 0 0 ... 0 0 0],C,0001,c
[0 0 0 ... 0 0 0],e,0001,c
[0 0 0 ... 0 0 0],I,0001,c
[0 0 0 ... 0 0 0],I,0001,c
[0 0 0 ... 0 0 0],n,0001,c
[0 0 0 ... 0 0 0],S,0001,c
[0 0 0 ... 0 0 0],U,0001,c
[0 0 0 ... 0 0 0],r,0001,c
[0 0 0 ... 0 0 0],e,0001,c
[0 0 0 ... 0 0 0],d,0001,c
[0 0 0 ... 0 0 0],O,0001,c
[0 0 0 ... 0 0 0],M,0001,c
[0 0 0 ... 0 0 0],e,0001,c
[0 0 0 ... 0 0 0],S,0001,c
[0 0 0 ... 0 0 0],t,0001,c
[0 0 0 ... 0 0 0],l,0001,c
[0 0 0 ... 0 0 0],C,0001,c
[0 0 0 ... 0 0 0],T,0001,c
[0 0 0 ... 0 0 0],r,0001,c
[0 0 0 ... 0 0 0],a,0001,c
[0 0 0 ... 0 0 0],n,0001,c
[0 0 0 ... 0 0 0],q,0001,c
[0 0 0 ... 0 0 0],U,0001,c
[0 0 0 ... 0 0 0],I,0001,c
[0 0 0 ... 0 0 0],l,0001,c
[0 0 0 ... 0 0 0],I,0001,c
[0 0 0 ... 0 0 0],t,0001,c
[0 0 0 ... 0 0 0],Y,0001,c
[0 0 0 ... 0 0 0],P,0001,c
[0 0 0 ... 0 0 0],r,0001,c
[0 0 0 ... 0 0 0],O,0001,c
[0 0 0 ... 0 0 0],V,0001,c
[0 0 0 ... 0 0 0],d,0001,c
[0 0 0 ... 0 0 0],e,0001,c
[0 0 0 ... 0 0 0],F,0001,c
[0 0 0 ... 0 0 0],O,0001,c
[0 0 0 ... 0 0 0],r,0001,c
[0 0 0 ... 0 0 0],T,0001,c
[0 0 0 ... 0 0 0],h,0001,c
[0 0 0 ... 0 0 0],e,0001,c
[0 0 0 ... 0 0 0],C,0001,c
[0 0 0 ... 0 0 0],O,0001,c
[0 0 0 ... 0 0 0],M,0001,c
[0 0 0 ... 0 0 0],M,0001,c
[0 0 0 ... 0 0 0],O,0001,c
[0 0 0 ... 0 0 0],n,0001,c
[0 0 0 ... 0 0 0],D,0001,c
[0 0 0 ... 0 0 0],e,0001,c
[0 0 0 ... 0 0 0],F,0001,c
[0 0 0 ... 0 0 0],S,0001,c
[0 0 0 ... 0 0 0],P,0001,c
[0 0 0 ... 0 0 0],r,0001,c
[0 0 0 ... 0 0 0],O,0001,c
[0 0 0 ... 0 0 0],n,0001,c
[0 0 0 ... 0 0 0],O,0001,c
[0 0 0 ... 0 0 0],t,0001,c
[0 0 0 ... 0 0 0],e,0001,c
[0 0 0 ... 0 0 0],t,0001,c
[0 0 0 ... 0 0 0],h,0001,c
[0 0 0 ... 0 0 0],g,0001,c
[0 0 0 ... 0 0 0],e,0001,c
[0 0 0 ... 0 0 0],n,0001,c
[0 0 0 ... 0 0 0],e,0001,c
[0 0 0 ... 0 0 0],r,0001,c
[0 0 0 ... 0 0 0],a,0001,c
[0 0 0 ... 0 0 0],l,0001,c
[0 0 0 ... 0 0 0],W,0001,c
[0 0 0 ... 0 0 0],r,0001,c
[0 0 0 ... 0 0 0],a,0001,c
[0 0 0 ... 0 0 0],n,0001,c
[0 0 0 ... 0 0 0],d,0001,c
[0 0 0 ... 0 0 0],S,0001,c
[0 0 0 ... 0 0 0],e,0001,c
[0 0 0 ... 0 0 0],C,0001,c
[0 0 0 ... 0 0 0],U,0001,c
[0 0 0 ... 0 0 0],r,0001,c
[0 0 0 ... 0 0 0],t,0001,c
[0 0 0 ... 0 0 0],h,0001,c
[0 0 0 ... 0 0 0],e,0001,c
[0 0 0 ... 0 0 0],B,0001,c
[0 0 0 ... 0 0 0],I,0001,c
[0 0 0 ... 0 0 0],e,0001,c
[0 0 0 ... 0 0 0],S,0001,c
[0 0 0 ... 0 0 0],S,0001,c
[0 0 0 ... 0 0 0],l,0001,c
[0 0 0 ... 0 0 0],n,0001,c
[0 0 0 ... 0 0 0],g,0001,c
[0 0 0 ... 0 0 0],S,0001,c
[0 0 0 ... 0 0 0],O,0001,c
[0 0 0 ... 0 0 0],F,0001,c
[0 0 0 ... 0 0 0],L,0001,c
[0 0 0 ... 0 0 0],l,0001,c
[0 0 0 ... 0 0 0],b,0001,c
[0 0 0 ... 0 0 0],e,0001,c
[0 0 0 ... 0 0 0],r,0001,c
[0 0 0 ... 0 0 0],t,0001,c
[0 0 0 ... 0 0 0],Y,0001,c
[0 0 0 ... 0 0 0],t,0001,c
[0 0 0 ... 0 0 0],O,0001,c
[0 0 0 ... 0 0 0],O,0001,c
[0 0 0 ... 0 0 0],U,0001,c
[0 0 0 ... 0 0 0],r,0001,c
[0 0 0 ... 0 0 0],S,0001,c
[0 0 0 ... 0 0 0],e,0001,c
[0 0 0 ... 0 0 0],l,0001,c
[0 0 0 ... 0 0 0],U,0001,c
[0 0 0 ... 0 0 0],S,0001,c
[0 0 0 ... 0 0 0],a,0001,c
[0 0 0 ... 0 0 0],n,0001,c
[0 0 0 ... 0 0 0],d,0001,c
[0 0 0 ... 0 0 0],O,0001,c
[0 0 0 ... 0 0 0],U,0001,c
[0 0 0 ... 0 0 0],r,0001,c
[0 0 0 ... 0 0 0],P,0001,c
[0 0 0 ... 0 0 0],O,0001,c
[0 0 0 ... 0 0 0],S,0001,c
[0 0 0 ... 0 0 0],t,0001,c
[0 0 0 ... 0 0 0],e,0001,c
[0 0 0 ... 0 0 0],r,0001,c
[0 0 0 ... 0 0 0],I,0001,c
[0 0 0 ... 0 0 0],t,0001,c
[0 0 0 ... 0 0 0],Y,0001,c
[0 0 0 ... 0 0 0],d,0001,c
[0 0 0 ... 0 0 0],O,0001,c
[0 0 0 ... 0 0 0],O,0001,c
[0 0 0 ... 0 0 0],r,0001,c
[0 0 0 ... 0 0 0],d,0001,c
[0 0 0 ... 0 0 0],a,0001,c
[0 0 0 ... 0 0 0],I,0001,c
[0 0 0 ... 0 0 0],a,0001,c
[0 0 0 ... 0 0 0],n,0001,c
[0 0 0 ... 0 0 0],d,0001,c
[0 0 0 ... 0 0 0],t,0001,c
[0 0 0 ... 0 0 0],a,0001,c
[0 0 0 ... 0 0 0],b,0001,c
[0 0 0 ... 0 0 0],l,0001,c
[0 0 0 ... 0 0 0],I,0001,c
[0 0 0 ... 0 0 0],S,0001,c
[0 0 0 ... 0 0 0],h,0001,c
[0 0 0 ... 0 0 0],I,0001,c
[0 0 0 ... 0 0 0],S,0001,c
[0 0 0 ... 0 0 0],N,0001,c
[0 0 0 ... 0 0 0],S,0001,c
[0 0 0 ... 0 0 0],T,0001,c
[0 0 0 ... 0 0 0],l,0001,c
[0 0 0 ... 0 0 0],T,0001,c
[0 0 0 ... 0 0 0],U,0001,c
[0 0 0 ... 0 0 0],T,0001,c
[0 0 0 ... 0 0 0],I,0001,c
[0 0 0 ... 0 0 0],D,0001,c
[0 0 0 ... 0 0 0],N,0001,c
[0 0 0 ... 0 0 0],F,0001,c
[0 0 0 ... 0 0 0],O,0001,c
[0 0 0 ... 0 0 0],r,0001,c
[0 0 0 ... 0 0 0],e,0001,c
[0 0 0 ... 0 0 0],U,0001,c
[0 0 0 ... 0 0 0],n,0001,c
[0 0 0 ... 0 0 0],I,0001,c
[0 0 0 ... 0 0 0],t,0001,c
[0 0 0 ... 0 0 0],e,0001,c
[0 0 0 ... 0 0 0],d,0001,c
[0 0 0 ... 0 0 0],S,0001,c
[0 0 0 ... 0 0 0],t,0001,c
[0 0 0 ... 0 0 0],a,0001,c
[0 0 0 ... 0 0 0],t,0001,c
[0 0 0 ... 0 0 0],S,0001,c
[0 0 0 ... 0 0 0],F,0001,c
[0 0 0 ... 0 0 0],A,0001,c
[0 0 0 ... 0 0 0],M,0001,c
[0 0 0 ... 0 0 0],e,0001,c
[0 0 0 ... 0 0 0],r,0001,c
[0 0 0 ... 0 0 0],I,0001,c
[0 0 0 ... 0 0 0],C,0001,c
[0 0 0 ... 0 0 0],a,0001,c
[0 0 0 ... 0 0 0],0,0001,d
[0 0 0 ... 0 0 0],1,0001,d
[0 0 0 ... 0 0 0],2,0001,d
[0 0 0 ... 0 0 0],3,0001,d
[0 0 0 ... 0 0 0],4,0001,d
[0 0 0 ... 0 0 0],5,0001,d
[0 0 0 ... 0 0 0],6,0001,d
[0 0 0 ... 0 0 0],7,0001,d
[0 0 0 ... 0 0 0],8,0001,d
[0 0 0 ... 0 0 0],9,0001,d
[0 0 0 ... 0 0 0],0,0001,d
[0 0 0 ... 0 0 0],1,0001,d
[0 0 0 ... 0 0 0],2,0001,d
[0 0 0 ... 0 0 0],3,0001,d
[0 0 0 ... 0 0 0],4,0001,d
[0 0 0 ... 0 0 0],5,0001,d
[0 0 0 ... 0 0 0],6,0001,d
[0 0 0 ... 0 0 0],7,0001,d
[0 0 0 ... 0 0 0],8,0001,d
[0 0 0 ... 0 0 0],9,0001,d
[0 0 0 ... 0 0 0],0,0001,d
[0 0 0 ... 0 0 0],1,0001,d
[0 0 0 ... 0 0 0],2,0001,d
[0 0 0 ... 0 0 0],3,0001,d
[0 0 0 ... 0 0 0],4,0001,d
[0 0 0 ... 0 0 0],5,0001,d
[0 0 0 ... 0 0 0],6,0001,d
[0 0 0 ... 0 0 0],7,0001,d
[0 0 0 ... 0 0 0],8,0001,d
[0 0 0 ... 0 0 0],9,0001,d
[0 0 0 ... 0 0 0],1,0001,d
[0 0 0 ... 0 0 0],4,0001,d
[0 0 0 ... 0 0 0],5,0001,d
[0 0 0 ... 0 0 0],4,0001,d
[0 0 0 ... 0 0 0],2,0001,d
[0 0 0 ... 0 0 0],3,0001,d
[0 0 0 ... 0 0 0],3,0001,d
[0 0 0 ... 0 0 0],0,0001,d
[0 0 0 ... 0 0 0],9,0001,d
[0 0 0 ... 0 0 0],5,0001,d
[0 0 0 ... 0 0 0],4,0001,d
[0 0 0 ... 0 0 0],3,0001,d
[0 0 0 ... 0 0 0],0,0001,d
[0 0 0 ... 0 0 0],8,0001,d
[0 0 0 ... 0 0 0],4,0001,d
[0 0 0 ... 0 0 0],6,0001,d
[0 0 0 ... 0 0 0],7,0001,d
[0 0 0 ... 0 0 0],0,0001,d
[0 0 0 ... 0 0 0],7,0001,d
[0 0 0 ... 0 0 0],7,0001,d
[0 0 0 ... 0 0 0],1,0001,d
[0 0 0 ... 0 0 0],6,0001,d
[0 0 0 ... 0 0 0],9,0001,d
[0 0 0 ... 0 0 0],1,0001,d
[0 0 0 ... 0 0 0],2,0001,d
[0 0 0 ... 0 0 0],9,0001,d
[0 0 0 ... 0 0 0],3,0001,d
[0 0 0 ... 0 0 0],6,0001,d
[0 0 0 ... 0 0 0],2,0001,d
[0 0 0 ... 0 0 0],3,0001,d
[0 0 0 ... 0 0 0],4,0001,d
[0 0 0 ... 0 0 0],6,0001,d
[0 0 0 ... 0 0 0],8,0001,d
[0 0 0 ... 0 0 0],5,0001,d
[0 0 0 ... 0 0 0],7,0001,d
[0 0 0 ... 0 0 0],2,0001,d
[0 0 0 ... 0 0 0],3,0001,d
[0 0 0 ... 0 0 0],8,0001,d
[0 0 0 ... 0 0 0],1,0001,d
[0 0 0 ... 0 0 0],2,0001,d
[0 0 0 ... 0 0 0],7,0001,d
[0 0 0 ... 0 0 0],1,0001,d
[0 0 0 ... 0 0 0],7,0001,d
[0 0 0 ... 0 0 0],1,0001,d
[0 0 0 ... 0 0 0],1,0001,d
[0 0 0 ... 0 0 0],0,0001,d
[0 0 0 ... 0 0 0],3,0001,d
[0 0 0 ... 0 0 0],4,0001,d
[0 0 0 ... 0 0 0],2,0001,d
[0 0 0 ... 0 0 0],6,0001,d
[0 0 0 ... 0 0 0],4,0001,d
[0 0 0 ... 0 0 0],7,0001,d
[0 0 0 ... 0 0 0],4,0001,d
[0 0 0 ... 0 0 0],2,0001,d
[0 0 0 ... 0 0 0],7,0001,d
[0 0 0 ... 0 0 0],4,0001,d
[0 0 0 ... 0 0 0],2,0001,d
[0 0 0 ... 0 0 0],9,0001,d
[0 0 0 ... 0 0 0],2,0001,d
[0 0 0 ... 0 0 0],7,0001,d
[0 0 0 ... 0 0 0],9,0001,d
[0 0 0 ... 0 0 0],2,0001,d
[0 0 0 ... 0 0 0],8,0001,d
[0 0 0 ... 0 0 0],6,0001,d
[0 0 0 ... 0 0 0],1,0001,d
[0 0 0 ... 0 0 0],0,0001,d
[0 0 0 ... 0 0 0],6,0001,d
[0 0 0 ... 0 0 0],5,0001,d
[0 0 0 ... 0 0 0],3,0001,d
[0 0 0 ... 0 0 0],5,0001,d
[0 0 0 ... 0 0 0],9,0001,d
[0 0 0 ... 0 0 0],7,0001,d
[0 0 0 ... 0 0 0],4,0001,d
[0 0 0 ... 0 0 0],8,0001,d
[0 0 0 ... 0 0 0],5,0001,d
[0 0 0 ... 0 0 0],9,0001,d
[0 0 0 ... 0 0 0],6,0001,d
[0 0 0 ... 0 0 0],9,0001,d
[0 0 0 ... 0 0 0],3,0001,d
[0 0 0 ... 0 0 0],0,0001,d
[0 0 0 ... 0 0 0],0,0001,d
[0 0 0 ... 0 0 0],6,0001,d
[0 0 0 ... 0 0 0],3,0001,d
[0 0 0 ... 0 0 0],0,0001,d
[0 0 0 ... 0 0 0],5,0001,d
[0 0 0 ... 0 0 0],8,0001,d
[0 0 0 ... 0 0 0],9,0001,d
[0 0 0 ... 0 0 0],1,0001,d
[0 0 0 ... 0 0 0],8,0001,d
[0 0 0 ... 0 0 0],1,0001,d
[0 0 0 ... 0 0 0],6,0001,d
[0 0 0 ... 0 0 0],0,0001,d
[0 0 0 ... 0 0 0],z,0001,l
[0 0 0 ... 0 0 0],a,0001,l
[0 0 0 ... 0 0 0],s,0001,l
[0 0 0 ... 0 0 0],k,0001,l
[0 0 0 ... 0 0 0],h,0001,l
[0 0 0 ... 0 0 0],o,0001,l
[0 0 0 ... 0 0 0],u,0001,l
[0 0 0 ... 0 0 0],w,0001,l
[0 0 0 ... 0 0 0],d,0001,l
[0 0 0 ... 0 0 0],p,0001,l
[0 0 0 ... 0 0 0],n,0001,l
[0 0 0 ... 0 0 0],v,0001,l
[0 0 0 ... 0 0 0],b,0001,l
[0 0 0 ... 0 0 0],x,0001,l
[0 0 0 ... 0 0 0],q,0001,l
[0 0 0 ... 0 0 0],l,0001,l
[0 0 0 ... 0 0 0],r,0001,l
[0 0 0 ... 0 0 0],m,0001,l
[0 0 0 ... 0 0 0],g,0001,l
[0 0 0 ... 0 0 0],t,0001,l
[0 0 0 ... 0 0 0],i,0001,l
[0 0 0 ... 0 0 0],e,0001,l
[0 0 0 ... 0 0 0],y,0001,l
[0 0 0 ... 0 0 0],X,0001,u
[0 0 0 ... 0 0 0],F,0001,u
[0 0 0 ... 0 0 0],B,0001,u
[0 0 0 ... 0 0 0],T,0001,u
[0 0 0 ... 0 0 0],V,0001,u
[0 0 0 ... 0 0 0],D,0001,u
[0 0 0 ... 0 0 0],O,0001,u
[0 0 0 ... 0 0 0],K,0001,u
[0 0 0 ... 0 0 0],I,0001,u
[0 0 0 ... 0 0 0],L,0001,u
[0 0 0 ... 0 0 0],Z,0001,u
[0 0 0 ... 0 0 0],J,0001,u
[0 0 0 ... 0 0 0],Y,0001,u
[0 0 0 ... 0 0 0],S,0001,u
[0 0 0 ... 0 0 0],H,0001,u
[0 0 0 ... 0 0 0],G,0001,u
[0 0 0 ... 0 0 0],W,0001,u
[0 0 0 ... 0 0 0],M,0001,u
[0 0 0 ... 0 0 0],N,0001,u
[0 0 0 ... 0 0 0],Q,0001,u
[0 0 0 ... 0 0 0],U,0001,u
[0 0 0 ... 0 0 0],R,0001,u
[0 0 0 ... 0 0 0],P,0001,u
[0 0 0 ... 0 0 0],C,0001,u
[0 0 0 ... 0 0 0],A,0001,u
[0 0 0 ... 0 0 0],E,0001,u
[0 0 0 ... 0 0 0],W,0002,c
[0 0 0 ... 0 0 0],e,0002,c
[0 0 0 ... 0 0 0],l,0002,c
[0 0 0 ... 0 0 0],e,0002,c
[0 0 0 ... 0 0 0],P,0002,c
[0 0 0 ... 0 0 0],e,0002,c
[0 0 0 ... 0 0 0],O,0002,c
[0 0 0 ... 0 0 0],P,0002,c
[0 0 0 ... 0 0 0],O,0002,c
[0 0 0 ... 0 0 0],F,0002,c
[0 0 0 ... 0 0 0],e,0002,c
[0 0 0 ... 0 0 0],U,0002,c
[0 0 0 ... 0 0 0],l,0002,c
[0 0 0 ... 0 0 0],q,0002,c
[0 0 0 ... 0 0 0],S,0002,c
[0 0 0 ... 0 0 0],T,0002,c
[0 0 0 ... 0 0 0],a,0002,c
[0 0 0 ... 0 0 0],t,0002,c
[0 0 0 ... 0 0 0],e,0002,c
[0 0 0 ... 0 0 0],S,0002,c
[0 0 0 ... 0 0 0],l,0002,c
[0 0 0 ... 0 0 0],l,0002,c
[0 0 0 ... 0 0 0],N,0002,c
[0 0 0 ... 0 0 0],O,0002,c
[0 0 0 ... 0 0 0],e,0002,c
[0 0 0 ... 0 0 0],r,0002,c
[0 0 0 ... 0 0 0],t,0002,c
[0 0 0 ... 0 0 0],O,0002,c
[0 0 0 ... 0 0 0],F,0002,c
[0 0 0 ... 0 0 0],O,0002,c
[0 0 0 ... 0 0 0],r,0002,c
[0 0 0 ... 0 0 0],M,0002,c
[0 0 0 ... 0 0 0],a,0002,c
[0 0 0 ... 0 0 0],M,0002,c
[0 0 0 ... 0 0 0],O,0002,c
[0 0 0 ... 0 0 0],r,0002,c
[0 0 0 ... 0 0 0],e,0002,c
[0 0 0 ... 0 0 0],P,0002,c
[0 0 0 ... 0 0 0],r,0002,c
[0 0 0 ... 0 0 0],F,0002,c
[0 0 0 ... 0 0 0],e,0002,c
[0 0 0 ... 0 0 0],C,0002,c
[0 0 0 ... 0 0 0],t,0002,c
[0 0 0 ... 0 0 0],U,0002,c
[0 0 0 ... 0 0 0],L,0002,c
[0 0 0 ... 0 0 0],O,0002,c
[0 0 0 ... 0 0 0],l,0002,c
[0 0 0 ... 0 0 0],e,0002,c
[0 0 0 ... 0 0 0],S,0002,c
[0 0 0 ... 0 0 0],t,0002,c
[0 0 0 ... 0 0 0],a,0002,c
[0 0 0 ... 0 0 0],b,0002,c
[0 0 0 ... 0 0 0],l,0002,c
[0 0 0 ... 0 0 0],l,0002,c
[0 0 0 ... 0 0 0],S,0002,c
[0 0 0 ... 0 0 0],h,0002,c
[0 0 0 ... 0 0 0],J,0002,c
[0 0 0 ... 0 0 0],U,0002,c
[0 0 0 ... 0 0 0],S,0002,c
[0 0 0 ... 0 0 0],t,0002,c
[0 0 0 ... 0 0 0],I,0002,c
[0 0 0 ... 0 0 0],C,0002,c
[0 0 0 ... 0 0 0],I,0002,c
[0 0 0 ... 0 0 0],n,0002,c
[0 0 0 ... 0 0 0],S,0002,c
[0 0 0 ... 0 0 0],U,0002,c
[0 0 0 ... 0 0 0],r,0002,c
[0 0 0 ... 0 0 0],e,0002,c
[0 0 0 ... 0 0 0],d,0002,c
[0 0 0 ... 0 0 0],O,0002,c
[0 0 0 ... 0 0 0],M,0002,c
[0 0 0 ... 0 0 0],e,0002,c
[0 0 0 ... 0 0 0],S,0002,c
[0 0 0 ... 0 0 0],t,0002,c
[0 0 0 ... 0 0 0],l,0002,c
[0 0 0 ... 0 0 0],C,0002,c
[0 0 0 ... 0 0 0],T,0002,c
[0 0 0 ... 0 0 0],n,0002,c
[0 0 0 ... 0 0 0],q,0002,c
[0 0 0 ... 0 0 0],U,0002,c
[0 0 0 ... 0 0 0],l,0002,c
[0 0 0 ... 0 0 0],I,0002,c
[0 0 0 ... 0 0 0],I,0002,c
[0 0 0 ... 0 0 0],t,0002,c
[0 0 0 ... 0 0 0],Y,0002,c
[0 0 0 ... 0 0 0],l,0002,c
[0 0 0 ... 0 0 0],P,0002,c
[0 0 0 ... 0 0 0],r,0002,c
[0 0 0 ... 0 0 0],O,0002,c
[0 0 0 ... 0 0 0],U,0002,c
[0 0 0 ... 0 0 0],l,0002,c
[0 0 0 ... 0 0 0],d,0002,c
[0 0 0 ... 0 0 0],e,0002,c
[0 0 0 ... 0 0 0],F,0002,c
[0 0 0 ... 0 0 0],O,0002,c
[0 0 0 ... 0 0 0],r,0002,c
[0 0 0 ... 0 0 0],e,0002,c
[0 0 0 ... 0 0 0],e,0002,c
[0 0 0 ... 0 0 0],O,0002,c
[0 0 0 ... 0 0 0],M,0002,c
[0 0 0 ... 0 0 0],M,0002,c
[0 0 0 ... 0 0 0],O,0002,c
[0 0 0 ... 0 0 0],n,0002,c
[0 0 0 ... 0 0 0],D,0002,c
[0 0 0 ... 0 0 0],e,0002,c
[0 0 0 ... 0 0 0],F,0002,c
[0 0 0 ... 0 0 0],e,0002,c
[0 0 0 ... 0 0 0],n,0002,c
[0 0 0 ... 0 0 0],S,0002,c
[0 0 0 ... 0 0 0],e,0002,c
[0 0 0 ... 0 0 0],l,0002,c
[0 0 0 ... 0 0 0],P,0002,c
[0 0 0 ... 0 0 0],n,0002,c
[0 0 0 ... 0 0 0],O,0002,c
[0 0 0 ... 0 0 0],M,0002,c
[0 0 0 ... 0 0 0],O,0002,c
[0 0 0 ... 0 0 0],t,0002,c
[0 0 0 ... 0 0 0],e,0002,c
[0 0 0 ... 0 0 0],t,0002,c
[0 0 0 ... 0 0 0],h,0002,c
[0 0 0 ... 0 0 0],e,0002,c
[0 0 0 ... 0 0 0],g,0002,c
[0 0 0 ... 0 0 0],e,0002,c
[0 0 0 ... 0 0 0],n,0002,c
[0 0 0 ... 0 0 0],e,0002,c
[0 0 0 ... 0 0 0],r,0002,c
[0 0 0 ... 0 0 0],a,0002,c
[0 0 0 ... 0 0 0],L,0002,c
[0 0 0 ... 0 0 0],W,0002,c
[0 0 0 ... 0 0 0],e,0002,c
[0 0 0 ... 0 0 0],l,0002,c
[0 0 0 ... 0 0 0],r,0002,c
[0 0 0 ... 0 0 0],e,0002,c
[0 0 0 ... 0 0 0],a,0002,c
[0 0 0 ... 0 0 0],n,0002,c
[0 0 0 ... 0 0 0],q,0002,c
[0 0 0 ... 0 0 0],S,0002,c
[0 0 0 ... 0 0 0],e,0002,c
[0 0 0 ... 0 0 0],C,0002,c
[0 0 0 ... 0 0 0],r,0002,c
[0 0 0 ... 0 0 0],e,0002,c
[0 0 0 ... 0 0 0],t,0002,c
[0 0 0 ... 0 0 0],h,0002,c
[0 0 0 ... 0 0 0],e,0002,c
[0 0 0 ... 0 0 0],B,0002,c
[0 0 0 ... 0 0 0],l,0002,c
[0 0 0 ... 0 0 0],e,0002,c
[0 0 0 ... 0 0 0],S,0002,c
[0 0 0 ... 0 0 0],S,0002,c
[0 0 0 ... 0 0 0],l,0002,c
[0 0 0 ... 0 0 0],g,0002,c
[0 0 0 ... 0 0 0],S,0002,c
[0 0 0 ... 0 0 0],O,0002,c
[0 0 0 ... 0 0 0],F,0002,c
[0 0 0 ... 0 0 0],h,0002,c
[0 0 0 ... 0 0 0],I,0002,c
[0 0 0 ... 0 0 0],b,0002,c
[0 0 0 ... 0 0 0],e,0002,c
[0 0 0 ... 0 0 0],r,0002,c
[0 0 0 ... 0 0 0],t,0002,c
[0 0 0 ... 0 0 0],Y,0002,c
[0 0 0 ... 0 0 0],t,0002,c
[0 0 0 ... 0 0 0],O,0002,c
[0 0 0 ... 0 0 0],O,0002,c
[0 0 0 ... 0 0 0],U,0002,c
[0 0 0 ... 0 0 0],r,0002,c
[0 0 0 ... 0 0 0],S,0002,c
[0 0 0 ... 0 0 0],e,0002,c
[0 0 0 ... 0 0 0],l,0002,c
[0 0 0 ... 0 0 0],U,0002,c
[0 0 0 ... 0 0 0],e,0002,c
[0 0 0 ... 0 0 0],S,0002,c
[0 0 0 ... 0 0 0],a,0002,c
[0 0 0 ... 0 0 0],n,0002,c
[0 0 0 ... 0 0 0],O,0002,c
[0 0 0 ... 0 0 0],U,0002,c
[0 0 0 ... 0 0 0],r,0002,c
[0 0 0 ... 0 0 0],P,0002,c
[0 0 0 ... 0 0 0],O,0002,c
[0 0 0 ... 0 0 0],S,0002,c
[0 0 0 ... 0 0 0],t,0002,c
[0 0 0 ... 0 0 0],e,0002,c
[0 0 0 ... 0 0 0],r,0002,c
[0 0 0 ... 0 0 0],l,0002,c
[0 0 0 ... 0 0 0],T,0002,c
[0 0 0 ... 0 0 0],Y,0002,c
[0 0 0 ... 0 0 0],I,0002,c
[0 0 0 ... 0 0 0],d,0002,c
[0 0 0 ... 0 0 0],O,0002,c
[0 0 0 ... 0 0 0],O,0002,c
[0 0 0 ... 0 0 0],r,0002,c
[0 0 0 ... 0 0 0],d,0002,c
[0 0 0 ... 0 0 0],a,0002,c
[0 0 0 ... 0 0 0],I,0002,c
[0 0 0 ... 0 0 0],n,0002,c
[0 0 0 ... 0 0 0],a,0002,c
[0 0 0 ... 0 0 0],n,0002,c
[0 0 0 ... 0 0 0],g,0002,c
[0 0 0 ... 0 0 0],e,0002,c
[0 0 0 ... 0 0 0],S,0002,c
[0 0 0 ... 0 0 0],t,0002,c
[0 0 0 ... 0 0 0],a,0002,c
[0 0 0 ... 0 0 0],b,0002,c
[0 0 0 ... 0 0 0],l,0002,c
[0 0 0 ... 0 0 0],l,0002,c
[0 0 0 ... 0 0 0],S,0002,c
[0 0 0 ... 0 0 0],h,0002,c
[0 0 0 ... 0 0 0],t,0002,c
[0 0 0 ... 0 0 0],h,0002,c
[0 0 0 ... 0 0 0],S,0002,c
[0 0 0 ... 0 0 0],C,0002,c
[0 0 0 ... 0 0 0],O,0002,c
[0 0 0 ... 0 0 0],N,0002,c
[0 0 0 ... 0 0 0],S,0002,c
[0 0 0 ... 0 0 0],T,0002,c
[0 0 0 ... 0 0 0],l,0002,c
[0 0 0 ... 0 0 0],T,0002,c
[0 0 0 ... 0 0 0],U,0002,c
[0 0 0 ... 0 0 0],T,0002,c
[0 0 0 ... 0 0 0],l,0002,c
[0 0 0 ... 0 0 0],O,0002,c
[0 0 0 ... 0 0 0],N,0002,c
[0 0 0 ... 0 0 0],F,0002,c
[0 0 0 ... 0 0 0],O,0002,c
[0 0 0 ... 0 0 0],r,0002,c
[0 0 0 ... 0 0 0],t,0002,c
[0 0 0 ... 0 0 0],h,0002,c
[0 0 0 ... 0 0 0],e,0002,c
[0 0 0 ... 0 0 0],U,0002,c
[0 0 0 ... 0 0 0],n,0002,c
[0 0 0 ... 0 0 0],I,0002,c
[0 0 0 ... 0 0 0],t,0002,c
[0 0 0 ... 0 0 0],e,0002,c
[0 0 0 ... 0 0 0],S,0002,c
[0 0 0 ... 0 0 0],t,0002,c
[0 0 0 ... 0 0 0],a,0002,c
[0 0 0 ... 0 0 0],t,0002,c
[0 0 0 ... 0 0 0],e,0002,c
[0 0 0 ... 0 0 0],S,0002,c
[0 0 0 ... 0 0 0],O,0002,c
[0 0 0 ... 0 0 0],F,0002,c
[0 0 0 ... 0 0 0],A,0002,c
[0 0 0 ... 0 0 0],M,0002,c
[0 0 0 ... 0 0 0],e,0002,c
[0 0 0 ... 0 0 0],r,0002,c
[0 0 0 ... 0 0 0],l,0002,c
[0 0 0 ... 0 0 0],C,0002,c
[0 0 0 ... 0 0 0],a,0002,c
[0 0 0 ... 0 0 0],0,0002,d
[0 0 0 ... 0 0 0],1,0002,d
[0 0 0 ... 0 0 0],2,0002,d
[0 0 0 ... 0 0 0],3,0002,d
[0 0 0 ... 0 0 0],4,0002,d
[0 0 0 ... 0 0 0],5,0002,d
[0 0 0 ... 0 0 0],6,0002,d
[0 0 0 ... 0 0 0],7,0002,d
[0 0 0 ... 0 0 0],8,0002,d
[0 0 0 ... 0 0 0],9,0002,d
[0 0 0 ... 0 0 0],0,0002,d
[0 0 0 ... 0 0 0],1,0002,d
[0 0 0 ... 0 0 0],2,0002,d
[0 0 0 ... 0 0 0],3,0002,d
[0 0 0 ... 0 0 0],4,0002,d
[0 0 0 ... 0 0 0],7,0002,d
[0 0 0 ... 0 0 0],8,0002,d
[0 0 0 ... 0 0 0],9,0002,d
[0 0 0 ... 0 0 0],0,0002,d
[0 0 0 ... 0 0 0],1,0002,d
[0 0 0 ... 0 0 0],2,0002,d
[0 0 0 ... 0 0 0],3,0002,d
[0 0 0 ... 0 0 0],7,0002,d
[0 0 0 ... 0 0 0],8,0002,d
[0 0 0 ... 0 0 0],9,0002,d
[0 0 0 ... 0 0 0],8,0002,d
[0 0 0 ... 0 0 0],7,0002,d
[0 0 0 ... 0 0 0],1,0002,d
[0 0 0 ... 0 0 0],3,0002,d
[0 0 0 ... 0 0 0],7,0002,d
[0 0 0 ... 0 0 0],5,0002,d
[0 0 0 ... 0 0 0],2,0002,d
[0 0 0 ... 0 0 0],8,0002,d
[0 0 0 ... 0 0 0],0,0002,d
[0 0 0 ... 0 0 0],7,0002,d
[0 0 0 ... 0 0 0],5,0002,d
[0 0 0 ... 0 0 0],9,0002,d
[0 0 0 ... 0 0 0],0,0002,d
[0 0 0 ... 0 0 0],9,0002,d
[0 0 0 ... 0 0 0],4,0002,d
[0 0 0 ... 0 0 0],1,0002,d
[0 0 0 ... 0 0 0],1,0002,d
[0 0 0 ... 0 0 0],5,0002,d
[0 0 0 ... 0 0 0],8,0002,d
[0 0 0 ... 0 0 0],4,0002,d
[0 0 0 ... 0 0 0],5,0002,d
[0 0 0 ... 0 0 0],8,0002,d
[0 0 0 ... 0 0 0],6,0002,d
[0 0 0 ... 0 0 0],3,0002,d
[0 0 0 ... 0 0 0],2,0002,d
[0 0 0 ... 0 0 0],1,0002,d
[0 0 0 ... 0 0 0],2,0002,d
[0 0 0 ... 0 0 0],3,0002,d
[0 0 0 ... 0 0 0],8,0002,d
[0 0 0 ... 0 0 0],3,0002,d
[0 0 0 ... 0 0 0],2,0002,d
[0 0 0 ... 0 0 0],6,0002,d
[0 0 0 ... 0 0 0],7,0002,d
[0 0 0 ... 0 0 0],4,0002,d
[0 0 0 ... 0 0 0],8,0002,d
[0 0 0 ... 0 0 0],1,0002,d
[0 0 0 ... 0 0 0],8,0002,d
[0 0 0 ... 0 0 0],0,0002,d
[0 0 0 ... 0 0 0],5,0002,d
[0 0 0 ... 0 0 0],3,0002,d
[0 0 0 ... 0 0 0],9,0002,d
[0 0 0 ... 0 0 0],4,0002,d
[0 0 0 ... 0 0 0],1,0002,d
[0 0 0 ... 0 0 0],9,0002,d
[0 0 0 ... 0 0 0],2,0002,d
[0 0 0 ... 0 0 0],1,0002,d
[0 0 0 ... 0 0 0],9,0002,d
[0 0 0 ... 0 0 0],6,0002,d
[0 0 0 ... 0 0 0],7,0002,d
[0 0 0 ... 0 0 0],9,0002,d
[0 0 0 ... 0 0 0],0,0002,d
[0 0 0 ... 0 0 0],4,0002,d
[0 0 0 ... 0 0 0],6,0002,d
[0 0 0 ... 0 0 0],1,0002,d
[0 0 0 ... 0 0 0],7,0002,d
[0 0 0 ... 0 0 0],3,0002,d
[0 0 0 ... 0 0 0],8,0002,d
[0 0 0 ... 0 0 0],7,0002,d
[0 0 0 ... 0 0 0],2,0002,d
[0 0 0 ... 0 0 0],9,0002,d
[0 0 0 ... 0 0 0],6,0002,d
[0 0 0 ... 0 0 0],5,0002,d
[0 0 0 ... 0 0 0],8,0002,d
[0 0 0 ... 0 0 0],3,0002,d
[0 0 0 ... 0 0 0],9,0002,d
[0 0 0 ... 0 0 0],0,0002,d
[0 0 0 ... 0 0 0],5,0002,d
[0 0 0 ... 0 0 0],1,0002,d
[0 0 0 ... 0 0 0],0,0002,d
[0 0 0 ... 0 0 0],9,0002,d
[0 0 0 ... 0 0 0],3,0002,d
[0 0 0 ... 0 0 0],3,0002,d
[0 0 0 ... 0 0 0],4,0002,d
[0 0 0 ... 0 0 0],6,0002,d
[0 0 0 ... 0 0 0],7,0002,d
[0 0 0 ... 0 0 0],5,0002,d
[0 0 0 ... 0 0 0],4,0002,d
[0 0 0 ... 0 0 0],2,0002,d
[0 0 0 ... 0 0 0],3,0002,d
[0 0 0 ... 0 0 0],4,0002,d
[0 0 0 ... 0 0 0],4,0002,d
[0 0 0 ... 0 0 0],6,0002,d
[0 0 0 ... 0 0 0],0,0002,d
[0 0 0 ... 0 0 0],g,0002,l
[0 0 0 ... 0 0 0],b,0002,l
[0 0 0 ... 0 0 0],t,0002,l
[0 0 0 ... 0 0 0],z,0002,l
[0 0 0 ... 0 0 0],i,0002,l
[0 0 0 ... 0 0 0],u,0002,l
[0 0 0 ... 0 0 0],m,0002,l
[0 0 0 ... 0 0 0],w,0002,l
[0 0 0 ... 0 0 0],f,0002,l
[0 0 0 ... 0 0 0],q,0002,l
[0 0 0 ... 0 0 0],y,0002,l
[0 0 0 ... 0 0 0],n,0002,l
[0 0 0 ... 0 0 0],h,0002,l
[0 0 0 ... 0 0 0],o,0002,l
[0 0 0 ... 0 0 0],c,0002,l
[0 0 0 ... 0 0 0],v,0002,l
[0 0 0 ... 0 0 0],x,0002,l
[0 0 0 ... 0 0 0],a,0002,l
[0 0 0 ... 0 0 0],k,0002,l
[0 0 0 ... 0 0 0],p,0002,l
[0 0 0 ... 0 0 0],d,0002,l
[0 0 0 ... 0 0 0],s,0002,l
[0 0 0 ... 0 0 0],Z,0002,u
[0 0 0 ... 0 0 0],Y,0002,u
[0 0 0 ... 0 0 0],W,0002,u
[0 0 0 ... 0 0 0],Q,0002,u
[0 0 0 ... 0 0 0],T,0002,u
[0 0 0 ... 0 0 0],K,0002,u
[0 0 0 ... 0 0 0],F,0002,u
[0 0 0 ... 0 0 0],L,0002,u
[0 0 0 ... 0 0 0],U,0002,u
[0 0 0 ... 0 0 0],O,0002,u
[0 0 0 ... 0 0 0],H,0002,u
[0 0 0 ... 0 0 0],X,0002,u
[0 0 0 ... 0 0 0],P,0002,u
[0 0 0 ... 0 0 0],I,0002,u
[0 0 0 ... 0 0 0],R,0002,u
[0 0 0 ... 0 0 0],V,0002,u
[0 0 0 ... 0 0 0],D,0002,u
[0 0 0 ... 0 0 0],J,0002,u
[0 0 0 ... 0 0 0],A,0002,u
[0 0 0 ... 0 0 0],S,0002,u
[0 0 0 ... 0 0 0],B,0002,u
[0 0 0 ... 0 0 0],N,0002,u
[0 0 0 ... 0 0 0],G,0002,u
[0 0 0 ... 0 0 0],E,0002,u
[0 0 0 ... 0 0 0],C,0002,u
[0 0 0 ... 0 0 0],M,0002,u
[0 0 0 ... 0 0 0],W,0003,c
[0 0 0 ... 0 0 0],C,0003,c
[0 0 0 ... 0 0 0],t,0003,c
[0 0 0 ... 0 0 0],h,0003,c
[0 0 0 ... 0 0 0],C,0003,c
[0 0 0 ... 0 0 0],P,0003,c
[0 0 0 ... 0 0 0],D,0003,c
[0 0 0 ... 0 0 0],P,0003,c
[0 0 0 ... 0 0 0],l,0003,c
[0 0 0 ... 0 0 0],e,0003,c
[0 0 0 ... 0 0 0],O,0003,c
[0 0 0 ... 0 0 0],F,0003,c
[0 0 0 ... 0 0 0],t,0003,c
[0 0 0 ... 0 0 0],h,0003,c
[0 0 0 ... 0 0 0],e,0003,c
[0 0 0 ... 0 0 0],U,0003,c
[0 0 0 ... 0 0 0],n,0003,c
[0 0 0 ... 0 0 0],I,0003,c
[0 0 0 ... 0 0 0],t,0003,c
[0 0 0 ... 0 0 0],e,0003,c
[0 0 0 ... 0 0 0],d,0003,c
[0 0 0 ... 0 0 0],S,0003,c
[0 0 0 ... 0 0 0],t,0003,c
[0 0 0 ... 0 0 0],e,0003,c
[0 0 0 ... 0 0 0],S,0003,c
[0 0 0 ... 0 0 0],l,0003,c
[0 0 0 ... 0 0 0],l,0003,c
[0 0 0 ... 0 0 0],n,0003,c
[0 0 0 ... 0 0 0],O,0003,c
[0 0 0 ... 0 0 0],r,0003,c
[0 0 0 ... 0 0 0],d,0003,c
[0 0 0 ... 0 0 0],e,0003,c
[0 0 0 ... 0 0 0],r,0003,c
[0 0 0 ... 0 0 0],t,0003,c
[0 0 0 ... 0 0 0],O,0003,c
[0 0 0 ... 0 0 0],F,0003,c
[0 0 0 ... 0 0 0],O,0003,c
[0 0 0 ... 0 0 0],r,0003,c
[0 0 0 ... 0 0 0],M,0003,c
[0 0 0 ... 0 0 0],a,0003,c
[0 0 0 ... 0 0 0],M,0003,c
[0 0 0 ... 0 0 0],O,0003,c
[0 0 0 ... 0 0 0],r,0003,c
[0 0 0 ... 0 0 0],e,0003,c
[0 0 0 ... 0 0 0],P,0003,c
[0 0 0 ... 0 0 0],e,0003,c
[0 0 0 ... 0 0 0],r,0003,c
[0 0 0 ... 0 0 0],F,0003,c
[0 0 0 ... 0 0 0],C,0003,c
[0 0 0 ... 0 0 0],I,0003,c
[0 0 0 ... 0 0 0],O,0003,c
[0 0 0 ... 0 0 0],n,0003,c
[0 0 0 ... 0 0 0],l,0003,c
[0 0 0 ... 0 0 0],e,0003,c
[0 0 0 ... 0 0 0],S,0003,c
[0 0 0 ... 0 0 0],t,0003,c
[0 0 0 ... 0 0 0],a,0003,c
[0 0 0 ... 0 0 0],b,0003,c
[0 0 0 ... 0 0 0],l,0003,c
[0 0 0 ... 0 0 0],I,0003,c
[0 0 0 ... 0 0 0],S,0003,c
[0 0 0 ... 0 0 0],h,0003,c
[0 0 0 ... 0 0 0],J,0003,c
[0 0 0 ... 0 0 0],U,0003,c
[0 0 0 ... 0 0 0],S,0003,c
[0 0 0 ... 0 0 0],t,0003,c
[0 0 0 ... 0 0 0],I,0003,c
[0 0 0 ... 0 0 0],C,0003,c
[0 0 0 ... 0 0 0],e,0003,c
[0 0 0 ... 0 0 0],l,0003,c
[0 0 0 ... 0 0 0],n,0003,c
[0 0 0 ... 0 0 0],S,0003,c
[0 0 0 ... 0 0 0],U,0003,c
[0 0 0 ... 0 0 0],r,0003,c
[0 0 0 ... 0 0 0],e,0003,c
[0 0 0 ... 0 0 0],d,0003,c
[0 0 0 ... 0 0 0],O,0003,c
[0 0 0 ... 0 0 0],M,0003,c
[0 0 0 ... 0 0 0],e,0003,c
[0 0 0 ... 0 0 0],S,0003,c
[0 0 0 ... 0 0 0],t,0003,c
[0 0 0 ... 0 0 0],I,0003,c
[0 0 0 ... 0 0 0],C,0003,c
[0 0 0 ... 0 0 0],T,0003,c
[0 0 0 ... 0 0 0],r,0003,c
[0 0 0 ... 0 0 0],a,0003,c
[0 0 0 ... 0 0 0],n,0003,c
[0 0 0 ... 0 0 0],q,0003,c
[0 0 0 ... 0 0 0],l,0003,c
[0 0 0 ... 0 0 0],l,0003,c
[0 0 0 ... 0 0 0],t,0003,c
[0 0 0 ... 0 0 0],Y,0003,c
[0 0 0 ... 0 0 0],P,0003,c
[0 0 0 ... 0 0 0],U,0003,c
[0 0 0 ... 0 0 0],l,0003,c
[0 0 0 ... 0 0 0],d,0003,c
[0 0 0 ... 0 0 0],e,0003,c
[0 0 0 ... 0 0 0],F,0003,c
[0 0 0 ... 0 0 0],O,0003,c
[0 0 0 ... 0 0 0],r,0003,c
[0 0 0 ... 0 0 0],M,0003,c
[0 0 0 ... 0 0 0],M,0003,c
[0 0 0 ... 0 0 0],O,0003,c
[0 0 0 ... 0 0 0],n,0003,c
[0 0 0 ... 0 0 0],D,0003,c
[0 0 0 ... 0 0 0],e,0003,c
[0 0 0 ... 0 0 0],F,0003,c
[0 0 0 ... 0 0 0],C,0003,c
[0 0 0 ... 0 0 0],n,0003,c
[0 0 0 ... 0 0 0],S,0003,c
[0 0 0 ... 0 0 0],e,0003,c
[0 0 0 ... 0 0 0],P,0003,c
[0 0 0 ... 0 0 0],r,0003,c
[0 0 0 ... 0 0 0],O,0003,c
[0 0 0 ... 0 0 0],M,0003,c
[0 0 0 ... 0 0 0],O,0003,c
[0 0 0 ... 0 0 0],t,0003,c
[0 0 0 ... 0 0 0],e,0003,c
[0 0 0 ... 0 0 0],t,0003,c
[0 0 0 ... 0 0 0],h,0003,c
[0 0 0 ... 0 0 0],e,0003,c
[0 0 0 ... 0 0 0],g,0003,c
[0 0 0 ... 0 0 0],n,0003,c
[0 0 0 ... 0 0 0],r,0003,c
[0 0 0 ... 0 0 0],a,0003,c
[0 0 0 ... 0 0 0],l,0003,c
[0 0 0 ... 0 0 0],W,0003,c
[0 0 0 ... 0 0 0],e,0003,c
[0 0 0 ... 0 0 0],l,0003,c
[0 0 0 ... 0 0 0],F,0003,c
[0 0 0 ... 0 0 0],a,0003,c
[0 0 0 ... 0 0 0],r,0003,c
[0 0 0 ... 0 0 0],C,0003,c
[0 0 0 ... 0 0 0],a,0003,c
[0 0 0 ... 0 0 0],n,0003,c
[0 0 0 ... 0 0 0],d,0003,c
[0 0 0 ... 0 0 0],S,0003,c
[0 0 0 ... 0 0 0],C,0003,c
[0 0 0 ... 0 0 0],C,0003,c
[0 0 0 ... 0 0 0],U,0003,c
[0 0 0 ... 0 0 0],r,0003,c
[0 0 0 ... 0 0 0],e,0003,c
[0 0 0 ... 0 0 0],t,0003,c
[0 0 0 ... 0 0 0],h,0003,c
[0 0 0 ... 0 0 0],e,0003,c
[0 0 0 ... 0 0 0],b,0003,c
[0 0 0 ... 0 0 0],l,0003,c
[0 0 0 ... 0 0 0],S,0003,c
[0 0 0 ... 0 0 0],S,0003,c
[0 0 0 ... 0 0 0],I,0003,c
[0 0 0 ... 0 0 0],n,0003,c
[0 0 0 ... 0 0 0],g,0003,c
[0 0 0 ... 0 0 0],S,0003,c
[0 0 0 ... 0 0 0],O,0003,c
[0 0 0 ... 0 0 0],F,0003,c
[0 0 0 ... 0 0 0],L,0003,c
[0 0 0 ... 0 0 0],l,0003,c
[0 0 0 ... 0 0 0],b,0003,c
[0 0 0 ... 0 0 0],e,0003,c
[0 0 0 ... 0 0 0],l,0003,c
[0 0 0 ... 0 0 0],r,0003,c
[0 0 0 ... 0 0 0],t,0003,c
[0 0 0 ... 0 0 0],Y,0003,c
[0 0 0 ... 0 0 0],t,0003,c
[0 0 0 ... 0 0 0],O,0003,c
[0 0 0 ... 0 0 0],O,0003,c
[0 0 0 ... 0 0 0],U,0003,c
[0 0 0 ... 0 0 0],r,0003,c
[0 0 0 ... 0 0 0],S,0003,c
[0 0 0 ... 0 0 0],e,0003,c
[0 0 0 ... 0 0 0],l,0003,c
[0 0 0 ... 0 0 0],V,0003,c
[0 0 0 ... 0 0 0],e,0003,c
[0 0 0 ... 0 0 0],S,0003,c
[0 0 0 ... 0 0 0],a,0003,c
[0 0 0 ... 0 0 0],O,0003,c
[0 0 0 ... 0 0 0],r,0003,c
[0 0 0 ... 0 0 0],P,0003,c
[0 0 0 ... 0 0 0],O,0003,c
[0 0 0 ... 0 0 0],S,0003,c
[0 0 0 ... 0 0 0],t,0003,c
[0 0 0 ... 0 0 0],r,0003,c
[0 0 0 ... 0 0 0],l,0003,c
[0 0 0 ... 0 0 0],l,0003,c
[0 0 0 ... 0 0 0],d,0003,c
[0 0 0 ... 0 0 0],O,0003,c
[0 0 0 ... 0 0 0],O,0003,c
[0 0 0 ... 0 0 0],r,0003,c
[0 0 0 ... 0 0 0],d,0003,c
[0 0 0 ... 0 0 0],a,0003,c
[0 0 0 ... 0 0 0],l,0003,c
[0 0 0 ... 0 0 0],n,0003,c
[0 0 0 ... 0 0 0],a,0003,c
[0 0 0 ... 0 0 0],n,0003,c
[0 0 0 ... 0 0 0],d,0003,c
[0 0 0 ... 0 0 0],e,0003,c
[0 0 0 ... 0 0 0],S,0003,c
[0 0 0 ... 0 0 0],t,0003,c
[0 0 0 ... 0 0 0],a,0003,c
[0 0 0 ... 0 0 0],b,0003,c
[0 0 0 ... 0 0 0],l,0003,c
[0 0 0 ... 0 0 0],I,0003,c
[0 0 0 ... 0 0 0],S,0003,c
[0 0 0 ... 0 0 0],h,0003,c
[0 0 0 ... 0 0 0],t,0003,c
[0 0 0 ... 0 0 0],h,0003,c
[0 0 0 ... 0 0 0],I,0003,c
[0 0 0 ... 0 0 0],S,0003,c
[0 0 0 ... 0 0 0],C,0003,c
[0 0 0 ... 0 0 0],O,0003,c
[0 0 0 ... 0 0 0],N,0003,c
[0 0 0 ... 0 0 0],S,0003,c
[0 0 0 ... 0 0 0],T,0003,c
[0 0 0 ... 0 0 0],l,0003,c
[0 0 0 ... 0 0 0],T,0003,c
[0 0 0 ... 0 0 0],U,0003,c
[0 0 0 ... 0 0 0],T,0003,c
[0 0 0 ... 0 0 0],l,0003,c
[0 0 0 ... 0 0 0],O,0003,c
[0 0 0 ... 0 0 0],N,0003,c
[0 0 0 ... 0 0 0],F,0003,c
[0 0 0 ... 0 0 0],O,0003,c
[0 0 0 ... 0 0 0],r,0003,c
[0 0 0 ... 0 0 0],t,0003,c
[0 0 0 ... 0 0 0],h,0003,c
[0 0 0 ... 0 0 0],e,0003,c
[0 0 0 ... 0 0 0],U,0003,c
[0 0 0 ... 0 0 0],n,0003,c
[0 0 0 ... 0 0 0],I,0003,c
[0 0 0 ... 0 0 0],t,0003,c
[0 0 0 ... 0 0 0],e,0003,c
[0 0 0 ... 0 0 0],d,0003,c
[0 0 0 ... 0 0 0],S,0003,c
[0 0 0 ... 0 0 0],t,0003,c
[0 0 0 ... 0 0 0],a,0003,c
[0 0 0 ... 0 0 0],t,0003,c
[0 0 0 ... 0 0 0],e,0003,c
[0 0 0 ... 0 0 0],S,0003,c
[0 0 0 ... 0 0 0],O,0003,c
[0 0 0 ... 0 0 0],F,0003,c
[0 0 0 ... 0 0 0],a,0003,c
[0 0 0 ... 0 0 0],M,0003,c
[0 0 0 ... 0 0 0],e,0003,c
[0 0 0 ... 0 0 0],r,0003,c
[0 0 0 ... 0 0 0],l,0003,c
[0 0 0 ... 0 0 0],C,0003,c
[0 0 0 ... 0 0 0],a,0003,c
[0 0 0 ... 0 0 0],0,0003,d
[0 0 0 ... 0 0 0],1,0003,d
[0 0 0 ... 0 0 0],2,0003,d
[0 0 0 ... 0 0 0],3,0003,d
[0 0 0 ... 0 0 0],4,0003,d
[0 0 0 ... 0 0 0],5,0003,d
[0 0 0 ... 0 0 0],6,0003,d
[0 0 0 ... 0 0 0],7,0003,d
[0 0 0 ... 0 0 0],8,0003,d
[0 0 0 ... 0 0 0],9,0003,d
[0 0 0 ... 0 0 0],0,0003,d
[0 0 0 ... 0 0 0],1,0003,d
[0 0 0 ... 0 0 0],2,0003,d
[0 0 0 ... 0 0 0],3,0003,d
[0 0 0 ... 0 0 0],4,0003,d
[0 0 0 ... 0 0 0],5,0003,d
[0 0 0 ... 0 0 0],6,0003,d
[0 0 0 ... 0 0 0],7,0003,d
[0 0 0 ... 0 0 0],8,0003,d
[0 0 0 ... 0 0 0],9,0003,d
[0 0 0 ... 0 0 0],0,0003,d
[0 0 0 ... 0 0 0],1,0003,d
[0 0 0 ... 0 0 0],2,0003,d
[0 0 0 ... 0 0 0],3,0003,d
[0 0 0 ... 0 0 0],4,0003,d
[0 0 0 ... 0 0 0],5,0003,d
[0 0 0 ... 0 0 0],6,0003,d
[0 0 0 ... 0 0 0],7,0003,d
[0 0 0 ... 0 0 0],8,0003,d
[0 0 0 ... 0 0 0],9,0003,d
[0 0 0 ... 0 0 0],4,0003,d
[0 0 0 ... 0 0 0],3,0003,d
[0 0 0 ... 0 0 0],0,0003,d
[0 0 0 ... 0 0 0],6,0003,d
[0 0 0 ... 0 0 0],6,0003,d
[0 0 0 ... 0 0 0],6,0003,d
[0 0 0 ... 0 0 0],9,0003,d
[0 0 0 ... 0 0 0],0,0003,d
[0 0 0 ... 0 0 0],0,0003,d
[0 0 0 ... 0 0 0],1,0003,d
[0 0 0 ... 0 0 0],4,0003,d
[0 0 0 ... 0 0 0],5,0003,d
[0 0 0 ... 0 0 0],7,0003,d
[0 0 0 ... 0 0 0],9,0003,d
[0 0 0 ... 0 0 0],5,0003,d
[0 0 0 ... 0 0 0],6,0003,d
[0 0 0 ... 0 0 0],8,0003,d
[0 0 0 ... 0 0 0],9,0003,d
[0 0 0 ... 0 0 0],1,0003,d
[0 0 0 ... 0 0 0],3,0003,d
[0 0 0 ... 0 0 0],8,0003,d
[0 0 0 ... 0 0 0],5,0003,d
[0 0 0 ... 0 0 0],7,0003,d
[0 0 0 ... 0 0 0],5,0003,d
[0 0 0 ... 0 0 0],8,0003,d
[0 0 0 ... 0 0 0],1,0003,d
[0 0 0 ... 0 0 0],0,0003,d
[0 0 0 ... 0 0 0],1,0003,d
[0 0 0 ... 0 0 0],6,0003,d
[0 0 0 ... 0 0 0],0,0003,d
[0 0 0 ... 0 0 0],3,0003,d
[0 0 0 ... 0 0 0],8,0003,d
[0 0 0 ... 0 0 0],9,0003,d
[0 0 0 ... 0 0 0],7,0003,d
[0 0 0 ... 0 0 0],4,0003,d
[0 0 0 ... 0 0 0],5,0003,d
[0 0 0 ... 0 0 0],2,0003,d
[0 0 0 ... 0 0 0],7,0003,d
[0 0 0 ... 0 0 0],5,0003,d
[0 0 0 ... 0 0 0],2,0003,d
[0 0 0 ... 0 0 0],1,0003,d
[0 0 0 ... 0 0 0],3,0003,d
[0 0 0 ... 0 0 0],2,0003,d
[0 0 0 ... 0 0 0],5,0003,d
[0 0 0 ... 0 0 0],8,0003,d
[0 0 0 ... 0 0 0],7,0003,d
[0 0 0 ... 0 0 0],1,0003,d
[0 0 0 ... 0 0 0],8,0003,d
[0 0 0 ... 0 0 0],0,0003,d
[0 0 0 ... 0 0 0],9,0003,d
[0 0 0 ... 0 0 0],6,0003,d
[0 0 0 ... 0 0 0],8,0003,d
[0 0 0 ... 0 0 0],1,0003,d
[0 0 0 ... 0 0 0],1,0003,d
[0 0 0 ... 0 0 0],5,0003,d
[0 0 0 ... 0 0 0],7,0003,d
[0 0 0 ... 0 0 0],6,0003,d
[0 0 0 ... 0 0 0],3,0003,d
[0 0 0 ... 0 0 0],5,0003,d
[0 0 0 ... 0 0 0],4,0003,d
[0 0 0 ... 0 0 0],0,0003,d
[0 0 0 ... 0 0 0],4,0003,d
[0 0 0 ... 0 0 0],7,0003,d
[0 0 0 ... 0 0 0],4,0003,d
[0 0 0 ... 0 0 0],3,0003,d
[0 0 0 ... 0 0 0],0,0003,d
[0 0 0 ... 0 0 0],3,0003,d
[0 0 0 ... 0 0 0],2,0003,d
[0 0 0 ... 0 0 0],8,0003,d
[0 0 0 ... 0 0 0],3,0003,d
[0 0 0 ... 0 0 0],b,0003,l
[0 0 0 ... 0 0 0],o,0003,l
[0 0 0 ... 0 0 0],r,0003,l
[0 0 0 ... 0 0 0],h,0003,l
[0 0 0 ... 0 0 0],x,0003,l
[0 0 0 ... 0 0 0],y,0003,l
[0 0 0 ... 0 0 0],w,0003,l
[0 0 0 ... 0 0 0],l,0003,l
[0 0 0 ... 0 0 0],a,0003,l
[0 0 0 ... 0 0 0],d,0003,l
[0 0 0 ... 0 0 0],t,0003,l
[0 0 0 ... 0 0 0],g,0003,l
[0 0 0 ... 0 0 0],f,0003,l
[0 0 0 ... 0 0 0],m,0003,l
[0 0 0 ... 0 0 0],i,0003,l
[0 0 0 ... 0 0 0],z,0003,l
[0 0 0 ... 0 0 0],e,0003,l
[0 0 0 ... 0 0 0],q,0003,l
[0 0 0 ... 0 0 0],p,0003,l
[0 0 0 ... 0 0 0],s,0003,l
[0 0 0 ... 0 0 0],c,0003,l
[0 0 0 ... 0 0 0],v,0003,l
[0 0 0 ... 0 0 0],k,0003,l
[0 0 0 ... 0 0 0],u,0003,l
[0 0 0 ... 0 0 0],X,0003,u
[0 0 0 ... 0 0 0],C,0003,u
[0 0 0 ... 0 0 0],B,0003,u
[0 0 0 ... 0 0 0],U,0003,u
[0 0 0 ... 0 0 0],L,0003,u
[0 0 0 ... 0 0 0],H,0003,u
[0 0 0 ... 0 0 0],I,0003,u
[0 0 0 ... 0 0 0],R,0003,u
[0 0 0 ... 0 0 0],W,0003,u
[0 0 0 ... 0 0 0],Y,0003,u
[0 0 0 ... 0 0 0],Q,0003,u
[0 0 0 ... 0 0 0],D,0003,u
[0 0 0 ... 0 0 0],P,0003,u
[0 0 0 ... 0 0 0],J,0003,u
[0 0 0 ... 0 0 0],M,0003,u
[0 0 0 ... 0 0 0],E,0003,u
[0 0 0 ... 0 0 0],T,0003,u
[0 0 0 ... 0 0 0],G,0003,u
[0 0 0 ... 0 0 0],A,0003,u
[0 0 0 ... 0 0 0],K,0003,u
[0 0 0 ... 0 0 0],O,0003,u
[0 0 0 ... 0 0 0],Z,0003,u
[0 0 0 ... 0 0 0],S,0003,u
[0 0 0 ... 0 0 0],V,0003,u
[0 0 0 ... 0 0 0],N,0003,u
[0 0 0 ... 0 0 0],F,0003,u
[0 0 0 ... 0 0 0],t,0004,c
[0 0 0 ... 0 0 0],h,0004,c
[0 0 0 ... 0 0 0],e,0004,c
[0 0 0 ... 0 0 0],P,0004,c
[0 0 0 ... 0 0 0],e,0004,c
[0 0 0 ... 0 0 0],O,0004,c
[0 0 0 ... 0 0 0],t,0004,c
[0 0 0 ... 0 0 0],h,0004,c
[0 0 0 ... 0 0 0],U,0004,c
[0 0 0 ... 0 0 0],n,0004,c
[0 0 0 ... 0 0 0],l,0004,c
[0 0 0 ... 0 0 0],t,0004,c
[0 0 0 ... 0 0 0],A,0004,c
[0 0 0 ... 0 0 0],T,0004,c
[0 0 0 ... 0 0 0],S,0004,c
[0 0 0 ... 0 0 0],l,0004,c
[0 0 0 ... 0 0 0],l,0004,c
[0 0 0 ... 0 0 0],n,0004,c
[0 0 0 ... 0 0 0],O,0004,c
[0 0 0 ... 0 0 0],d,0004,c
[0 0 0 ... 0 0 0],C,0004,c
[0 0 0 ... 0 0 0],F,0004,c
[0 0 0 ... 0 0 0],O,0004,c
[0 0 0 ... 0 0 0],r,0004,c
[0 0 0 ... 0 0 0],M,0004,c
[0 0 0 ... 0 0 0],A,0004,c
[0 0 0 ... 0 0 0],M,0004,c
[0 0 0 ... 0 0 0],O,0004,c
[0 0 0 ... 0 0 0],P,0004,c
[0 0 0 ... 0 0 0],e,0004,c
[0 0 0 ... 0 0 0],r,0004,c
[0 0 0 ... 0 0 0],C,0004,c
[0 0 0 ... 0 0 0],t,0004,c
[0 0 0 ... 0 0 0],U,0004,c
[0 0 0 ... 0 0 0],n,0004,c
[0 0 0 ... 0 0 0],I,0004,c
[0 0 0 ... 0 0 0],O,0004,c
[0 0 0 ... 0 0 0],n,0004,c
[0 0 0 ... 0 0 0],I,0004,c
[0 0 0 ... 0 0 0],t,0004,c
[0 0 0 ... 0 0 0],b,0004,c
[0 0 0 ... 0 0 0],l,0004,c
[0 0 0 ... 0 0 0],l,0004,c
[0 0 0 ... 0 0 0],S,0004,c
[0 0 0 ... 0 0 0],J,0004,c
[0 0 0 ... 0 0 0],U,0004,c
[0 0 0 ... 0 0 0],S,0004,c
[0 0 0 ... 0 0 0],t,0004,c
[0 0 0 ... 0 0 0],l,0004,c
[0 0 0 ... 0 0 0],l,0004,c
[0 0 0 ... 0 0 0],n,0004,c
[0 0 0 ... 0 0 0],S,0004,c
[0 0 0 ... 0 0 0],U,0004,c
[0 0 0 ... 0 0 0],d,0004,c
[0 0 0 ... 0 0 0],O,0004,c
[0 0 0 ... 0 0 0],M,0004,c
[0 0 0 ... 0 0 0],e,0004,c
[0 0 0 ... 0 0 0],S,0004,c
[0 0 0 ... 0 0 0],t,0004,c
[0 0 0 ... 0 0 0],I,0004,c
[0 0 0 ... 0 0 0],C,0004,c
[0 0 0 ... 0 0 0],T,0004,c
[0 0 0 ... 0 0 0],r,0004,c
[0 0 0 ... 0 0 0],A,0004,c
[0 0 0 ... 0 0 0],n,0004,c
[0 0 0 ... 0 0 0],q,0004,c
[0 0 0 ... 0 0 0],I,0004,c
[0 0 0 ... 0 0 0],l,0004,c
[0 0 0 ... 0 0 0],I,0004,c
[0 0 0 ... 0 0 0],t,0004,c
[0 0 0 ... 0 0 0],Y,0004,c
[0 0 0 ... 0 0 0],l,0004,c
[0 0 0 ... 0 0 0],P,0004,c
[0 0 0 ... 0 0 0],r,0004,c
[0 0 0 ... 0 0 0],O,0004,c
[0 0 0 ... 0 0 0],V,0004,c
[0 0 0 ... 0 0 0],I,0004,c
[0 0 0 ... 0 0 0],d,0004,c
[0 0 0 ... 0 0 0],e,0004,c
[0 0 0 ... 0 0 0],O,0004,c
[0 0 0 ... 0 0 0],r,0004,c
[0 0 0 ... 0 0 0],t,0004,c
[0 0 0 ... 0 0 0],h,0004,c
[0 0 0 ... 0 0 0],C,0004,c
[0 0 0 ... 0 0 0],C,0004,c
[0 0 0 ... 0 0 0],O,0004,c
[0 0 0 ... 0 0 0],M,0004,c
[0 0 0 ... 0 0 0],M,0004,c
[0 0 0 ... 0 0 0],O,0004,c
[0 0 0 ... 0 0 0],n,0004,c
[0 0 0 ... 0 0 0],D,0004,c
[0 0 0 ... 0 0 0],F,0004,c
[0 0 0 ... 0 0 0],n,0004,c
[0 0 0 ... 0 0 0],S,0004,c
[0 0 0 ... 0 0 0],l,0004,c
[0 0 0 ... 0 0 0],P,0004,c
[0 0 0 ... 0 0 0],r,0004,c
[0 0 0 ... 0 0 0],O,0004,c
[0 0 0 ... 0 0 0],M,0004,c
[0 0 0 ... 0 0 0],O,0004,c
[0 0 0 ... 0 0 0],t,0004,c
[0 0 0 ... 0 0 0],C,0004,c
[0 0 0 ... 0 0 0],n,0004,c
[0 0 0 ... 0 0 0],e,0004,c
[0 0 0 ... 0 0 0],r,0004,c
[0 0 0 ... 0 0 0],l,0004,c
[0 0 0 ... 0 0 0],W,0004,c
[0 0 0 ... 0 0 0],I,0004,c
[0 0 0 ... 0 0 0],F,0004,c
[0 0 0 ... 0 0 0],a,0004,c
[0 0 0 ... 0 0 0],r,0004,c
[0 0 0 ... 0 0 0],C,0004,c
[0 0 0 ... 0 0 0],I,0004,c
[0 0 0 ... 0 0 0],a,0004,c
[0 0 0 ... 0 0 0],n,0004,c
[0 0 0 ... 0 0 0],d,0004,c
[0 0 0 ... 0 0 0],S,0004,c
[0 0 0 ... 0 0 0],C,0004,c
[0 0 0 ... 0 0 0],U,0004,c
[0 0 0 ... 0 0 0],r,0004,c
[0 0 0 ... 0 0 0],C,0004,c
[0 0 0 ... 0 0 0],t,0004,c
[0 0 0 ... 0 0 0],h,0004,c
[0 0 0 ... 0 0 0],e,0004,c
[0 0 0 ... 0 0 0],l,0004,c
[0 0 0 ... 0 0 0],I,0004,c
[0 0 0 ... 0 0 0],n,0004,c
[0 0 0 ... 0 0 0],g,0004,c
[0 0 0 ... 0 0 0],S,0004,c
[0 0 0 ... 0 0 0],O,0004,c
[0 0 0 ... 0 0 0],F,0004,c
[0 0 0 ... 0 0 0],L,0004,c
[0 0 0 ... 0 0 0],I,0004,c
[0 0 0 ... 0 0 0],b,0004,c
[0 0 0 ... 0 0 0],r,0004,c
[0 0 0 ... 0 0 0],t,0004,c
[0 0 0 ... 0 0 0],Y,0004,c
[0 0 0 ... 0 0 0],t,0004,c
[0 0 0 ... 0 0 0],O,0004,c
[0 0 0 ... 0 0 0],O,0004,c
[0 0 0 ... 0 0 0],U,0004,c
[0 0 0 ... 0 0 0],r,0004,c
[0 0 0 ... 0 0 0],S,0004,c
[0 0 0 ... 0 0 0],l,0004,c
[0 0 0 ... 0 0 0],V,0004,c
[0 0 0 ... 0 0 0],e,0004,c
[0 0 0 ... 0 0 0],S,0004,c
[0 0 0 ... 0 0 0],l,0004,c
[0 0 0 ... 0 0 0],a,0004,c
[0 0 0 ... 0 0 0],n,0004,c
[0 0 0 ... 0 0 0],d,0004,c
[0 0 0 ... 0 0 0],O,0004,c
[0 0 0 ... 0 0 0],U,0004,c
[0 0 0 ... 0 0 0],r,0004,c
[0 0 0 ... 0 0 0],P,0004,c
[0 0 0 ... 0 0 0],O,0004,c
[0 0 0 ... 0 0 0],r,0004,c
[0 0 0 ... 0 0 0],l,0004,c
[0 0 0 ... 0 0 0],t,0004,c
[0 0 0 ... 0 0 0],Y,0004,c
[0 0 0 ... 0 0 0],d,0004,c
[0 0 0 ... 0 0 0],O,0004,c
[0 0 0 ... 0 0 0],O,0004,c
[0 0 0 ... 0 0 0],r,0004,c
[0 0 0 ... 0 0 0],d,0004,c
[0 0 0 ... 0 0 0],a,0004,c
[0 0 0 ... 0 0 0],I,0004,c
[0 0 0 ... 0 0 0],n,0004,c
[0 0 0 ... 0 0 0],a,0004,c
[0 0 0 ... 0 0 0],n,0004,c
[0 0 0 ... 0 0 0],d,0004,c
[0 0 0 ... 0 0 0],e,0004,c
[0 0 0 ... 0 0 0],S,0004,c
[0 0 0 ... 0 0 0],t,0004,c
[0 0 0 ... 0 0 0],a,0004,c
[0 0 0 ... 0 0 0],b,0004,c
[0 0 0 ... 0 0 0],l,0004,c
[0 0 0 ... 0 0 0],l,0004,c
[0 0 0 ... 0 0 0],S,0004,c
[0 0 0 ... 0 0 0],h,0004,c
[0 0 0 ... 0 0 0],I,0004,c
[0 0 0 ... 0 0 0],S,0004,c
[0 0 0 ... 0 0 0],C,0004,c
[0 0 0 ... 0 0 0],O,0004,c
[0 0 0 ... 0 0 0],N,0004,c
[0 0 0 ... 0 0 0],I,0004,c
[0 0 0 ... 0 0 0],l,0004,c
[0 0 0 ... 0 0 0],O,0004,c
[0 0 0 ... 0 0 0],N,0004,c
[0 0 0 ... 0 0 0],F,0004,c
[0 0 0 ... 0 0 0],O,0004,c
[0 0 0 ... 0 0 0],r,0004,c
[0 0 0 ... 0 0 0],C,0004,c
[0 0 0 ... 0 0 0],U,0004,c
[0 0 0 ... 0 0 0],n,0004,c
[0 0 0 ... 0 0 0],I,0004,c
[0 0 0 ... 0 0 0],d,0004,c
[0 0 0 ... 0 0 0],S,0004,c
[0 0 0 ... 0 0 0],t,0004,c
[0 0 0 ... 0 0 0],e,0004,c
[0 0 0 ... 0 0 0],S,0004,c
[0 0 0 ... 0 0 0],M,0004,c
[0 0 0 ... 0 0 0],r,0004,c
[0 0 0 ... 0 0 0],I,0004,c
[0 0 0 ... 0 0 0],C,0004,c
[0 0 0 ... 0 0 0],a,0004,c
[0 0 0 ... 0 0 0],0,0004,d
[0 0 0 ... 0 0 0],1,0004,d
[0 0 0 ... 0 0 0],2,0004,d
[0 0 0 ... 0 0 0],3,0004,d
[0 0 0 ... 0 0 0],4,0004,d
[0 0 0 ... 0 0 0],5,0004,d
[0 0 0 ... 0 0 0],6,0004,d
[0 0 0 ... 0 0 0],7,0004,d
[0 0 0 ... 0 0 0],8,0004,d
[0 0 0 ... 0 0 0],9,0004,d
[0 0 0 ... 0 0 0],0,0004,d
[0 0 0 ... 0 0 0],1,0004,d
[0 0 0 ... 0 0 0],2,0004,d
[0 0 0 ... 0 0 0],3,0004,d
[0 0 0 ... 0 0 0],4,0004,d
[0 0 0 ... 0 0 0],5,0004,d
[0 0 0 ... 0 0 0],6,0004,d
[0 0 0 ... 0 0 0],0,0004,d
[0 0 0 ... 0 0 0],1,0004,d
[0 0 0 ... 0 0 0],2,0004,d
[0 0 0 ... 0 0 0],3,0004,d
[0 0 0 ... 0 0 0],7,0004,d
[0 0 0 ... 0 0 0],8,0004,d
[0 0 0 ... 0 0 0],5,0004,d
[0 0 0 ... 0 0 0],2,0004,d
[0 0 0 ... 0 0 0],1,0004,d
[0 0 0 ... 0 0 0],5,0004,d
[0 0 0 ... 0 0 0],8,0004,d
[0 0 0 ... 0 0 0],8,0004,d
[0 0 0 ... 0 0 0],0,0004,d
[0 0 0 ... 0 0 0],9,0004,d
[0 0 0 ... 0 0 0],2,0004,d
[0 0 0 ... 0 0 0],7,0004,d
[0 0 0 ... 0 0 0],8,0004,d
[0 0 0 ... 0 0 0],4,0004,d
[0 0 0 ... 0 0 0],6,0004,d
[0 0 0 ... 0 0 0],1,0004,d
[0 0 0 ... 0 0 0],0,0004,d
[0 0 0 ... 0 0 0],4,0004,d
[0 0 0 ... 0 0 0],5,0004,d
[0 0 0 ... 0 0 0],0,0004,d
[0 0 0 ... 0 0 0],1,0004,d
[0 0 0 ... 0 0 0],3,0004,d
[0 0 0 ... 0 0 0],6,0004,d
[0 0 0 ... 0 0 0],0,0004,d
[0 0 0 ... 0 0 0],1,0004,d
[0 0 0 ... 0 0 0],1,0004,d
[0 0 0 ... 0 0 0],8,0004,d
[0 0 0 ... 0 0 0],0,0004,d
[0 0 0 ... 0 0 0],4,0004,d
[0 0 0 ... 0 0 0],7,0004,d
[0 0 0 ... 0 0 0],7,0004,d
[0 0 0 ... 0 0 0],6,0004,d
[0 0 0 ... 0 0 0],3,0004,d
[0 0 0 ... 0 0 0],6,0004,d
[0 0 0 ... 0 0 0],0,0004,d
[0 0 0 ... 0 0 0],7,0004,d
[0 0 0 ... 0 0 0],3,0004,d
[0 0 0 ... 0 0 0],5,0004,d
[0 0 0 ... 0 0 0],4,0004,d
[0 0 0 ... 0 0 0],2,0004,d
[0 0 0 ... 0 0 0],4,0004,d
[0 0 0 ... 0 0 0],1,0004,d
[0 0 0 ... 0 0 0],7,0004,d
[0 0 0 ... 0 0 0],0,0004,d
[0 0 0 ... 0 0 0],6,0004,d
[0 0 0 ... 0 0 0],7,0004,d
[0 0 0 ... 0 0 0],1,0004,d
[0 0 0 ... 0 0 0],9,0004,d
[0 0 0 ... 0 0 0],3,0004,d
[0 0 0 ... 0 0 0],8,0004,d
[0 0 0 ... 0 0 0],2,0004,d
[0 0 0 ... 0 0 0],8,0004,d
[0 0 0 ... 0 0 0],u,0004,l
[0 0 0 ... 0 0 0],h,0004,l
[0 0 0 ... 0 0 0],p,0004,l
[0 0 0 ... 0 0 0],w,0004,l
[0 0 0 ... 0 0 0],o,0004,l
[0 0 0 ... 0 0 0],y,0004,l
[0 0 0 ... 0 0 0],q,0004,l
[0 0 0 ... 0 0 0],x,0004,l
[0 0 0 ... 0 0 0],e,0004,l
[0 0 0 ... 0 0 0],d,0004,l
[0 0 0 ... 0 0 0],r,0004,l
[0 0 0 ... 0 0 0],c,0004,l
[0 0 0 ... 0 0 0],z,0004,l
[0 0 0 ... 0 0 0],n,0004,l
[0 0 0 ... 0 0 0],v,0004,l
[0 0 0 ... 0 0 0],k,0004,l
[0 0 0 ... 0 0 0],s,0004,l
[0 0 0 ... 0 0 0],j,0004,l
[0 0 0 ... 0 0 0],b,0004,l
[0 0 0 ... 0 0 0],H,0004,u
[0 0 0 ... 0 0 0],R,0004,u
[0 0 0 ... 0 0 0],X,0004,u
[0 0 0 ... 0 0 0],K,0004,u
[0 0 0 ... 0 0 0],A,0004,u
[0 0 0 ... 0 0 0],F,0004,u
[0 0 0 ... 0 0 0],N,0004,u
[0 0 0 ... 0 0 0],V,0004,u
[0 0 0 ... 0 0 0],J,0004,u
[0 0 0 ... 0 0 0],Y,0004,u
[0 0 0 ... 0 0 0],B,0004,u
[0 0 0 ... 0 0 0],S,0004,u
[0 0 0 ... 0 0 0],M,0004,u
[0 0 0 ... 0 0 0],Z,0004,u
[0 0 0 ... 0 0 0],L,0004,u
[0 0 0 ... 0 0 0],T,0004,u
[0 0 0 ... 0 0 0],U,0004,u
